pid,name,tid,team,pos,age,hgt_display_in,hgt_display_cm,hgt_rating,ovr,pot,valueNoPot,skills,contract_amount,ptModifier,usageBias,season,stre,spd,jmp,endu,ins,dnk,ft,fg,tp,oiq,diq,drb,pss,reb,gp,mpg,per,usgp,obpm,dbpm,pm100,onOff100
1,Álex Abrines,-1,FA,SG,32,78,198.1,44,52,52,48.387781377985306,3,3710,1,1,2025,54,52,46,44,26,49,66,57,75,47,45,48,38,39,0,0,0,0,0,0,0,0
30,Dwayne Bacon,22,DAL,SG,30,78,198.1,44,52,52,48.84695955648057,,3030,1,1,2025,57,46,42,40,36,51,53,51,48,54,51,56,47,59,57,4.98,11.095455056014304,16.954988359011857,-2.459185343295535,-0.6251089952091853,-7.6881445575646055,-7.662326828549698
33,Lonzo Ball,4,LAL,PG,28,78,198.1,47,75,76,70.0260436780864,"3,B,Di,Dp,Ps,R,V",23520,1,1,2025,70,56,62,55,53,62,46,63,81,62,80,83,89,74,21,35.99,27.82434885904722,26.540717467811792,8.263548669489415,5.508681232998493,9.851704873542202,12.141415885608456
45,Bradley Beal,21,IND,SG,32,76,193,38,66,66,61.08802869264568,"Ps,V",29740,1,1,2025,76,62,64,71,65,69,55,66,50,64,54,67,68,58,75,34.62,17.73746657608825,25.184023259980297,1.4787809016392846,-0.34935828196797125,0.0733007619977,3.0270939627888573
46,Malik Beasley,27,TOR,SG,29,76,193,39,62,62,57.29832674574834,3,18550,1,1,2025,66,64,65,42,46,57,60,59,65,60,55,62,55,56,80,22.17,14.307076454978468,19.530697259732868,0.1779100039458914,-0.9845176108798919,-0.9734282459837792,-4.589772853281032
64,Antonio Blakeney,23,NOL,SG,29,76,193,38,44,44,42.196797319334394,,1390,1,1,2025,51,49,46,37,46,55,53,48,49,46,40,54,41,48,40,6.82,6.77497163699941,16.060411212654778,-4.527013858235528,-2.587725988856751,-6.451978492114974,-6.773716736089723
65,Eric Bledsoe,-1,FA,G,36,73,185.4,41,55,55,51.58560344217996,,3960,1,1,2025,55,41,38,44,54,52,50,50,46,47,65,68,66,45,24,10.44,9.60440577715705,15.263871447378595,-3.1727426554800924,0.7587605273606957,10.248154166200313,6.953797450283891
67,Bogdan Bogdanović,-1,FA,SG,33,77,195.6,44,48,48,45.58681205541835,,3710,1,1,2025,52,38,44,49,34,35,54,52,52,47,48,57,56,40,58,6.56,6.417819193817797,12.67228391568863,-5.023077073359354,-1.7137186622487866,-7.732969045212155,-4.641452771919639
71,Devin Booker,13,PHO,G,29,78,198.1,40,63,63,59.81799614056683,"Ps,V",24770,1,1,2025,67,55,54,57,78,66,66,61,50,65,53,70,70,54,49,29.1,19.83720874740426,22.80491066410083,3.8961895630709487,1.8212253848749125,7.837247107106103,6.421962346548424
100,Kentavious Caldwell-Pope,10,OKC,SG,32,77,195.6,40,63,63,57.799589187910684,3,14130,1,1,2025,67,56,53,57,43,57,55,55,69,60,62,58,55,57,63,28.82,13.453593015490831,19.110765333185817,-1.0540545464771203,0.09117777560086893,-3.756598107479546,-6.756834321277812
129,Quinn Cook,-1,FA,PG,32,73,185.4,28,43,43,41.7588516345328,,3370,1,1,2025,49,33,35,25,38,43,60,65,57,54,47,65,63,51,30,5.65,16.663984888744924,15.287967734416256,2.839624981648008,1.7527593929193692,4.483167886225987,-0.6732226524685389
146,Stephen Curry,2,GSW,PG,37,74,188,37,61,61,57.63465839792363,"3,Ps,V",27740,1,1,2025,62,42,29,37,74,57,69,65,73,66,53,82,78,66,73,30.73,18.048765503867166,26.311457953193457,3.3162012449018654,-0.147611872890419,-0.0645107550419083,2.124030231790275
166,Spencer Dinwiddie,29,CHA,G,32,77,195.6,40,61,61,57.38276170614489,"3,Ps",19990,1,1,2025,56,56,51,53,44,47,58,49,60,67,49,73,72,51,80,27.85,17.226111383100527,17.5750027142339,2.715729377873547,0.9318203984779245,7.494108655054672,10.324070174847554
169,Damyean Dotson,-1,FA,SG,31,77,195.6,42,50,50,47.16496513246344,,3360,1,1,2025,54,43,35,39,40,49,46,51,53,55,51,53,49,55,16,4.65,13.039215355425627,14.27431417093507,-0.9533283140804745,-0.9042984755077272,2.0033090707324575,-0.975515561539537
187,Tyler Ennis,-1,FA,PG,31,75,190.5,38,55,55,51.33352035673411,,3740,1,1,2025,57,47,51,49,43,41,52,57,49,51,54,63,64,52,81,7.93,9.145099428981029,13.876747870912112,-3.0262816290117787,-0.24551476394173033,-3.029816828701777,-2.9296984234256
189,Jawun Evans,13,PHO,PG,29,72,182.9,30,57,57,53.32600746033185,Ps,3240,1,1,2025,53,57,56,53,44,49,53,50,45,58,57,68,65,49,24,20.82,12.584706268896596,15.084330926693,-0.6990372760171333,0.8523158701895879,-3.0374686298800233,-10.640887525387926
200,Yogi Ferrell,6,PHI,G,32,72,182.9,29,61,61,56.58711447532124,"3,Ps",14150,1,1,2025,70,52,49,56,43,53,64,68,69,65,54,66,65,53,62,21.18,16.443142025614595,18.09131550369823,2.293733989385929,1.16203891803276,10.144886580780206,4.788657396484995
202,Bryn Forbes,7,ATL,SG,32,74,188,29,54,54,50.67779184672747,3,3110,1,1,2025,59,56,52,45,35,52,49,60,64,61,45,56,47,44,57,5.47,10.333105206685724,18.25482408953505,-2.160688313662547,-1.6589556794619327,-3.3584244046375704,-2.8065940122515576
204,De'Aaron Fox,3,SAC,PG,28,75,190.5,35,68,68,62.20622785615415,"Dp,Ps",16600,1,1,2025,69,67,69,65,61,57,54,55,50,61,71,68,71,52,80,33.73,16.796884900074012,19.690505944176934,1.1327680402950957,1.8821397616179016,-2.2685361297068267,-3.9175170353642392
210,Markelle Fultz,6,PHI,G,27,76,193,40,65,66,60.411540916983725,Ps,27740,1,1,2025,63,49,52,58,56,58,43,51,49,69,73,67,66,64,62,30.04,16.231158420997478,18.486559407427645,1.20841368706549,1.8364437183274491,4.531662879615984,-4.570459461027959
233,Jerian Grant,9,CHI,G,33,76,193,37,67,67,62.931493078918585,"3,B,Ps",18140,1,1,2025,64,61,53,55,51,52,55,54,60,66,62,83,83,61,58,33.07,22.711961693632666,20.661128565297222,5.378616753514664,2.7303111426710176,2.8848368400436906,10.890069822321193
247,James Harden,27,TOR,G,36,77,195.6,51,66,66,62.99511054421157,"3,Po,Ps,V",41200,1,1,2025,70,54,48,57,80,55,55,52,59,64,56,69,80,51,79,31.21,23.965689474735854,25.530445838858743,6.604200388508529,2.014658223306988,2.5674182576076334,2.6635864004099816
250,Aaron Harrison,3,SAC,SG,31,78,198.1,45,58,58,53.439918670328,3,2060,1,1,2025,54,53,49,49,41,63,60,56,61,58,54,56,46,48,82,20.53,11.539342361081381,16.5610737356827,-1.595755517389824,-1.3686926769345282,-0.3694011589933995,1.1525185914980585
251,Andrew Harrison,4,LAL,PG,31,78,198.1,45,48,48,45.32156284095778,,6740,1,1,2025,49,56,60,43,36,41,44,38,40,46,36,59,58,38,57,7.44,6.276683894759651,13.652754047748175,-5.202659928353058,-1.7586672678591668,-7.715959301000589,-8.666581114660898
253,Gary Harris,20,DEN,SG,31,76,193,37,61,61,55.58921238960722,3,22510,1,1,2025,71,64,62,58,43,56,57,61,60,51,55,58,52,40,55,25.81,9.356763264737703,18.190838994958888,-3.3248948906475153,-1.5674833501472563,-1.4428600274111474,3.205098729758622
279,Jrue Holiday,9,CHI,G,35,76,193,43,58,58,53.782575892787115,Ps,14410,1,1,2025,60,52,47,58,45,47,46,61,44,49,57,66,70,44,71,23.43,12.313134778596625,16.623161168406096,-1.0320877913229243,0.8314785290172289,0.08527896037376782,4.850618918238216
347,Luke Kennard,5,DET,SG,29,77,195.6,40,72,72,66.3505722456435,"3,A,B,Di,Dp,Ps,V",22150,1,1,2025,72,68,68,68,49,68,78,70,74,66,66,71,65,62,71,36.72,20.91600500852949,22.29201412350714,5.01602099900272,1.9902174208799073,4.468062142866372,3.8004458817713287
354,Furkan Korkmaz,1,NYK,SG,28,79,200.7,47,59,59,54.250495881323396,,7290,1,1,2025,59,51,50,53,44,50,48,59,54,54,62,58,51,58,82,27.14,11.693589332370466,17.34104088060397,-1.9142367782915106,-1.3364856876273952,-1.6890895641321266,4.21008782429208
379,Damian Lillard,16,POR,PG,35,74,188,35,57,57,55.052196137117804,Ps,18470,1,1,2025,65,53,43,53,60,62,62,53,43,65,42,70,68,52,79,18.73,18.839236462516563,18.395872012452628,3.397612913084634,0.591284420888746,2.804127104281209,7.809593593451706
414,CJ McCollum,0,BOS,G,34,75,190.5,36,62,62,56.99487608319895,,22060,1,1,2025,73,55,55,62,59,61,62,74,52,62,55,63,62,55,64,26.61,14.06859278871252,20.55455385190301,-0.5667449284317714,0.5641970015367486,-0.47516199456990177,-2.360370806484032
444,Donovan Mitchell,-1,FA,G,29,75,190.5,35,72,72,67.12197819469323,"3,B,Dp,Po,Ps,V",26080,1,1,2025,70,68,69,82,75,79,70,73,66,78,59,76,59,50,58,35.92,23.488151917481748,29.512929850880052,6.333011210713823,0.8416449393676677,10.548524184030251,8.121170874014133
447,Malik Monk,29,CHA,SG,27,75,190.5,33,73,76,69.00282280166023,"3,Ps,V",16910,1,1,2025,72,62,70,62,60,59,79,88,96,82,59,71,72,57,64,34.86,27.250780557722475,29.802713675499852,9.39212127461389,1.8846941104223642,5.456946003325717,5.653411639712429
462,Emmanuel Mudiay,20,DEN,PG,29,75,190.5,33,58,58,54.67886866682815,Ps,7080,1,1,2025,70,51,51,45,59,55,51,54,46,54,55,71,73,62,61,23.17,15.620332625139314,19.25180804515819,0.9539923065411795,0.4354691587759483,-2.6625191211752806,1.3010216934965995
467,Dejounte Murray,7,ATL,G,29,77,195.6,46,58,58,53.943353195936915,,3330,1,1,2025,64,37,38,43,59,52,40,41,34,52,75,60,65,73,60,23.23,13.29800529467015,15.847054397059948,-1.453335403698627,1.1504271000514943,-2.5626671037882076,-2.7686802574548235
468,Jamal Murray,20,DEN,G,28,76,193,38,65,65,60.75060505332559,"Dp,Ps",13440,1,1,2025,70,68,67,62,57,60,74,62,57,59,53,67,67,57,59,30.93,18.812974218261463,23.388443650947725,3.069349341013236,1.3173445345232047,-3.88914267852233,-0.7228139256411139
482,Frank Ntilikina,10,OKC,G,27,76,193,37,60,62,55.98316794452146,Ps,5210,1,1,2025,56,58,60,61,39,44,57,53,48,51,60,67,70,48,77,23.77,15.723414247653649,15.07132781568314,0.885196925761675,1.4892458284915344,-2.5015277461422536,-4.463065481775038
490,Victor Oladipo,14,LAC,G,33,75,190.5,46,62,62,56.91308493364364,,16400,1,1,2025,70,52,50,66,61,61,48,61,39,50,66,63,64,46,72,25.86,12.84375685157326,18.88538504763281,-2.0865794514889067,0.5558381330421818,8.15013345543638,6.278117549335524
500,Marcus Paige,-1,FA,PG,32,73,185.4,44,47,47,45.51469224943531,,3370,1,1,2025,52,37,38,36,39,47,46,46,53,52,47,54,50,54,0,0,0,0,0,0,0,0
512,Cameron Payne,-1,FA,PG,31,75,190.5,33,46,46,43.81994895659386,,3710,1,1,2025,45,47,48,35,31,28,52,53,53,45,48,65,68,46,1,5.15,0,19.97769940403781,5.036373163110607,0.5475821790619255,9.438338647065457,12.237101791566396
517,London Perrantes,22,DAL,PG,31,74,188,43,61,61,56.24157920636739,,8160,1,1,2025,66,59,56,47,52,55,51,56,52,63,54,63,57,58,81,26.47,13.539094779274924,17.7045642719577,-0.06209566021545232,0.7953341920362265,0.2878090560135059,1.881307594754987
556,Austin Rivers,-1,FA,G,33,76,193,33,52,52,49.231736681862714,,3710,1,1,2025,55,49,48,45,42,48,38,55,59,55,46,63,58,41,0,0,0,0,0,0,0,0
567,Terry Rozier,0,BOS,G,31,73,185.4,34,67,67,61.76237789896436,"3,Ps",25380,1,1,2025,68,56,59,58,50,57,62,64,70,70,68,69,65,71,78,33.77,17.613912029712917,19.577071802493755,2.5351658840924056,1.8921510257356822,2.964572943341729,6.289839408401165
570,D'Angelo Russell,5,DET,PG,29,75,190.5,38,57,57,54.627285722657305,Ps,12710,1,1,2025,52,52,49,54,76,55,59,58,58,50,49,67,73,60,73,25.42,16.376773450986125,23.466964128978713,2.5119991359611094,0.28349796379141523,-1.2866531012174756,-8.366698876945408
578,Dennis Schröder,7,ATL,G,32,73,185.4,28,56,56,53.640686904804284,Ps,3990,1,1,2025,63,47,44,59,69,61,60,69,34,64,50,67,67,54,82,20.28,16.312570045439983,20.173504271396855,0.5293592687889044,0.7075710410601266,-0.830413869652416,-0.09725588511654411
589,Ben Simmons,-1,FA,PG,29,82,208.3,64,69,69,64.31415625868769,"A,Di,Dp,Po,Ps,R",27230,1,1,2025,77,53,60,69,59,61,26,44,34,57,70,66,75,69,71,31.21,21.246543420043892,18.185358192178615,3.728510749377161,4.712178200441695,6.975536325440176,0.06298333427805543
591,Kobi Simmons,28,MEM,G,28,77,195.6,40,58,59,54.42715240370878,,11930,1,1,2025,60,60,60,48,42,40,64,61,54,49,53,63,63,46,76,19.9,14.590633691539875,14.707269998317928,0.7375438967188268,0.7139919567742581,7.952235587856672,6.32151974338319
593,Marcus Smart,-1,FA,G,31,75,190.5,36,43,43,41.24569718089533,,3710,1,1,2025,46,50,46,42,37,31,36,32,46,39,45,60,63,43,18,3.7,3.0162020811366577,14.261894197338838,-5.92116593062938,-1.609351413043032,-15.628583839133626,-19.99601025058405
594,Dennis Smith Jr.,24,MIA,PG,28,74,188,33,59,59,54.52621044400063,Ps,4030,1,1,2025,63,56,56,57,60,53,43,54,45,54,56,70,66,57,34,19.41,14.493928551530379,16.39113900097553,0.011733427874426994,1.2979859956318602,5.571131578867583,3.2554987523708707
634,Tyler Ulis,28,MEM,PG,29,70,177.8,20,57,57,54.2924287515288,Ps,15960,1,1,2025,57,59,60,61,51,51,62,53,50,52,54,73,74,48,82,20.19,15.134998944647029,14.792365454795183,2.320227030583485,0.5431009627667729,4.06091603805489,0.048497631495002066
639,Fred VanVleet,27,TOR,G,31,72,182.9,32,62,62,58.093561310269806,"3,Ps",27460,1,1,2025,57,60,60,54,42,46,63,62,67,62,58,74,66,52,69,23.98,17.958989877516572,20.101994011812874,3.3495399132025607,0.3109394066062787,1.4491201968037395,-0.19311446213038833
646,Kemba Walker,29,CHA,PG,35,72,182.9,27,57,57,54.239023681136075,Ps,10550,1,1,2025,63,63,48,49,53,54,59,57,50,61,45,68,65,49,63,19.56,14.319915068830891,18.515392122248745,0.4174933060218695,-0.48130624426272384,-1.2105727617534472,-6.1232393496179425
648,Tyrone Wallace,-1,FA,G,31,77,195.6,43,48,48,45.3751145670177,,3370,1,1,2025,56,54,49,47,42,51,47,45,35,43,43,55,52,47,0,0,0,0,0,0,0,0
649,John Wall,8,WAS,PG,35,75,190.5,42,53,53,50.70208711873374,Ps,8860,1,1,2025,46,58,59,37,49,33,40,46,34,49,42,73,86,44,50,17.13,10.970963955304454,15.18243226186483,-1.6637914640415277,-0.9212856895416568,-6.8023629443382685,-6.495783570171752
651,Derrick Walton,8,WAS,PG,30,72,182.9,37,58,58,53.24951441187002,,2510,1,1,2025,61,63,59,44,42,49,60,62,59,55,49,60,60,54,66,27.27,11.781087927451312,18.617615239221813,-1.6322956296688251,-0.7450444557002993,1.4327180221302072,5.742275636589676
690,Delon Wright,-1,FA,G,33,77,195.6,42,47,47,44.81120105968842,,3710,1,1,2025,50,53,47,40,28,36,47,39,39,42,49,59,57,44,25,3.27,5.926928733301049,12.550079879371774,-5.556243612816148,-2.184997947571352,-19.36390520021992,-21.366261648649758
705,Ochai Agbaji,-1,FA,SG,25,77,195.6,45,35,40,34.02283903531308,,2430,1,1,2025,39,51,52,33,27,42,43,52,55,49,21,38,29,46,0,0,0,0,0,0,0,0
710,Nickeil Alexander-Walker,23,NOL,SG,27,77,195.6,40,61,63,55.80807479363348,3,9100,1,1,2025,50,61,58,54,53,72,74,59,61,70,55,62,36,34,76,28.88,12.123339022469217,20.514374383268304,-1.747911334160901,-1.1866623140089256,-0.32527100894288336,-0.4056521224127572
711,Trey Alexander,8,WAS,SG,22,76,193,41,40,55,38.6600373901264,,1150,1,1,2025,35,55,48,30,34,44,68,51,50,41,39,46,44,51,28,6.1,10.497234402025637,15.057136336249469,-3.380871832589964,-0.9214497890616746,-6.712012624371288,-5.229511656756427
712,Ty-Shon Alexander,20,DEN,SG,27,75,190.5,37,57,60,53.18752201291157,,2710,1,1,2025,51,60,52,46,37,71,75,62,53,52,57,51,45,72,61,12.67,11.31900672097618,17.05995197011861,-2.7104536240631836,-1.5391958780734987,-5.732643508066507,-2.774584932933452
714,Grayson Allen,-1,FA,SG,30,76,193,39,49,49,46.20436594211093,3,3150,1,1,2025,66,56,58,41,62,58,53,47,69,40,30,53,46,36,0,0,0,0,0,0,0,0
716,Jose Alvarado,5,DET,PG,27,72,182.9,22,53,56,50.05007052522531,,1410,1,1,2025,46,70,42,44,36,74,66,71,59,47,52,56,57,41,80,11.4,10.963766271996649,19.263146109953734,-1.4598650579510037,-1.7011469609501182,4.973159643498789,2.346794066202805
719,Cole Anthony,25,ORL,PG,25,74,188,33,61,64,57.7765682110944,,11520,1,1,2025,54,62,61,53,52,69,40,61,58,63,59,66,47,67,54,30.11,17.315677311135644,22.00578369584645,1.821755160099424,0.9655798036108907,-10.354655268763482,-1.0693143097831652
721,Taran Armstrong,6,PHI,PG,23,78,198.1,41,36,46,34.947765446451434,,1150,1,1,2025,37,56,39,37,27,45,39,39,37,37,35,48,50,41,4,2.71,3.814165252665863,11.04404962384452,-8.379932619602672,-1.1475106235120922,26.252554567881823,19.357769555233023
723,Joel Ayayi,11,HOU,SG,25,77,195.6,41,46,52,43.74928095934993,,1220,1,1,2025,43,53,44,41,36,54,50,46,46,42,44,53,53,63,73,8.09,6.9509281350013,15.545573484228981,-4.788873854094496,-1.603695788591133,-9.942051669643243,-4.881893239134936
730,Amari Bailey,-1,FA,PG,21,77,195.6,42,34,54,33.170224082884666,,2610,1,1,2025,28,64,63,44,38,60,34,35,39,25,29,38,31,45,3,3.77,12.95316205088746,26.207987019137278,-0.3217779205197875,-5.065176185854966,-17.027272560800146,-20.08509030747061
732,LaMelo Ball,0,BOS,PG,24,79,200.7,52,68,74,63.828415471201154,"3,Ps,R,V",22770,1,1,2025,53,61,45,63,55,69,46,63,64,81,56,63,64,83,74,34.52,22.03538807092124,21.59091486145987,5.136756532292221,0.9592099724473293,1.2301752055478454,1.0256483599515462
735,Desmond Bane,-1,FA,SG,27,77,195.6,44,50,52,47.363438170153024,3,2720,1,1,2025,49,52,55,37,48,59,52,46,62,47,35,52,55,60,0,0,0,0,0,0,0,0
736,Dalano Banton,27,TOR,PG,26,81,205.7,57,68,71,63.978995122596615,"Di,Po,R,V",22250,1,1,2025,56,63,57,54,67,71,40,51,47,71,63,65,58,73,50,30.73,24.217865583766773,24.348796625555817,4.175260025624748,0.7039838659878583,3.214756126478473,2.700608386716078
740,Brooks Barnhizer,13,PHO,SG,23,78,198.1,51,39,52,37.995646487950395,,1300,1,1,2025,43,42,44,21,33,33,50,44,36,48,46,33,40,66,0,0,0,0,0,0,0,0
746,Tamar Bates,-1,FA,G,22,77,195.6,47,32,47,31.827930996170114,,1300,1,1,2025,26,48,51,26,62,51,76,46,43,34,29,36,27,34,0,0,0,0,0,0,0,0
748,Damion Baugh,-1,FA,SG,25,76,193,39,46,52,43.83429122353482,,2090,1,1,2025,44,56,37,33,34,45,50,63,43,41,52,50,57,52,0,0,0,0,0,0,0,0
751,Reece Beekman,7,ATL,PG,24,73,185.4,34,46,55,43.77739630135624,,1150,1,1,2025,29,67,44,33,43,57,54,50,40,46,50,51,56,41,20,5.36,3.927261935081137,19.930196750388777,-8.183814251569387,-3.1977357465113467,-6.658756974510321,-6.049367605219492
752,Juhann Begarin,28,MEM,G,23,77,195.6,42,63,71,58.15749868615686,3,6780,1,1,2025,60,61,59,49,46,72,77,54,62,51,67,53,56,56,80,28.76,15.144438551162105,18.22869364066341,0.06499364592184742,0.19955456853830933,4.590612203913475,1.3218696612478298
754,Jules Bernard,0,BOS,SG,25,79,200.7,41,49,54,46.468169720035924,3,1150,1,1,2025,40,50,51,46,33,63,67,37,65,43,43,52,48,63,67,7.44,9.26445848247996,14.433820224995562,-1.747209040606482,-1.9097057246634113,-7.1665561952355015,-9.1935379700819
756,Hugo Besson,-1,FA,G,24,78,198.1,40,32,41,31.380052176009908,,2430,1,1,2025,30,56,43,42,28,49,47,44,36,41,23,41,38,35,0,0,0,0,-6.505893146747962,-3.0512060084307198,0,0.7742463124417421
762,Anthony Black,14,LAC,PG,21,79,200.7,46,63,76,57.46383649149963,,8760,1,1,2025,44,60,71,95,49,76,40,27,57,60,54,57,47,61,58,29.65,14.097939891220763,16.88717403857933,-0.33902755010540897,0.20448214280349042,5.837453765400015,1.7774176632556309
772,Jordan Bone,-1,FA,PG,28,74,188,35,62,63,58.162036590584584,"B,Ps",11150,1,1,2025,52,70,64,49,41,70,77,60,53,58,55,69,65,49,56,29.98,16.15372493689846,20.582992801163606,1.206624282407402,0.7588772795817196,-8.428956504793172,2.254514846812505
775,James Bouknight,16,POR,SG,25,77,195.6,37,62,65,58.15712840668951,V,9290,1,1,2025,56,67,67,55,48,83,65,79,56,72,45,64,37,74,82,27.94,17.410972292235627,22.884309612372935,2.32664949627752,-1.6085795776658767,-2.581274376621909,-1.1377494961655805
778,Ky Bowman,26,MIN,PG,28,73,185.4,26,58,58,54.06797418655467,Ps,12970,1,1,2025,47,67,55,48,45,72,77,69,47,59,54,64,65,51,71,33,13.549193135456688,19.65678565429193,0.15976108568842307,-0.09707168021490098,-5.4503133217030095,1.6940044612508924
779,Malaki Branham,27,TOR,G,22,76,193,43,61,71,56.07696953853969,,4820,1,1,2025,60,60,58,83,54,45,65,78,57,58,46,50,51,60,71,19.91,13.676894408385397,20.490201291783002,-0.731005830131767,-1.616825667413813,2.2725369839206158,1.1055091206750247
781,Christian Braun,16,POR,SG,24,78,198.1,39,46,56,43.89551194653701,,5360,1,1,2025,53,50,62,43,21,56,41,54,40,49,46,43,39,66,20,2.59,10.076146247801988,5.929512628476089,-2.6077722135637798,0.6475025197952347,-10.11782764014698,-8.124664714360438
783,Koby Brea,-1,FA,SG,23,78,198.1,44,37,52,36.23344206172746,,1440,1,1,2025,40,49,45,30,33,48,73,53,60,43,30,38,34,43,0,0,0,0,0,0,0,0
798,Darius Brown II,-1,FA,SG,26,74,188,29,33,35,32.709033209281586,,1300,1,1,2025,26,56,30,27,23,48,65,46,46,32,36,50,64,42,0,0,0,0,0,0,0,0
800,Kendall Brown,-1,FA,SG,22,80,203.2,52,43,59,41.20217829225099,,2430,1,1,2025,45,59,60,48,35,52,46,39,37,29,38,45,38,53,16,3.01,9.241806375746515,9.373601667003838,-3.0581558765298444,-1.5703044947225058,4.935467993162092,0.10209928468503233
804,Jalen Brunson,-1,FA,G,29,74,188,29,48,48,46.17722121310297,,3150,1,1,2025,59,56,54,43,45,47,49,52,43,48,37,67,64,51,0,0,0,0,0,0,0,0
808,Kobe Bufkin,1,NYK,SG,22,76,193,44,42,56,40.425460936722736,,2610,1,1,2025,32,60,66,41,40,46,62,48,49,38,32,44,42,43,25,5.38,12.844432593992684,16.78819352566154,-1.4676670323413865,-2.6357360098079545,1.7930385970390317,5.51645468333706
809,Boo Buie,-1,FA,G,26,74,188,29,29,33,28.722067422002567,,2090,1,1,2025,30,43,37,7,19,55,62,54,51,33,35,47,52,47,0,0,0,0,0,0,0,0
812,Jared Butler,23,NOL,G,25,75,190.5,30,66,69,60.7436835954842,"3,B,Ps,V",4820,1,1,2025,45,68,69,57,56,80,62,73,74,64,64,70,64,45,57,32.03,16.59565459078258,24.085323657540833,2.0805363512304273,0.6474435370668958,1.0687126678550372,2.24456521828413
824,Bub Carrington,3,SAC,PG,20,76,193,41,49,67,46.48214724119741,,6990,1,1,2025,21,54,60,69,33,35,60,71,59,51,37,52,52,61,54,4.2,8.76815995628226,19.589251782810987,-3.0937185270620153,-3.2270052277382026,-7.38673406826597,-6.743750953706519
825,Devin Carter,24,MIA,PG,23,74,188,36,51,59,48.00355936020003,,1150,1,1,2025,37,66,61,35,41,56,52,54,55,47,47,49,47,67,47,8.3,5.976322769877801,15.459221068296467,-4.51966636097525,-1.3153069253504066,3.28595041205931,-1.0418288599607985
826,Jevon Carter,-1,FA,PG,30,73,185.4,34,46,46,44.12668133327219,,3150,1,1,2025,47,59,55,35,36,36,54,47,58,39,42,58,58,40,0,0,0,0,0,0,0,0
828,D.J. Carton,-1,FA,SG,25,74,188,29,43,48,41.16742819973501,,2350,1,1,2025,33,61,55,34,49,68,51,49,44,49,41,47,47,61,0,0,0,0,0,0,0,0
830,Stephon Castle,24,MIA,PG,21,78,198.1,45,57,71,53.29855922668743,,11900,1,1,2025,15,69,55,73,49,67,43,83,37,67,44,60,45,51,82,24.1,13.21802658325389,20.11939886507911,-1.2690494346622216,0.5314982027157047,2.282906240501819,-3.890474566309279
833,Malcolm Cazalon,-1,FA,SG,24,78,198.1,44,43,52,41.26028529012427,,2610,1,1,2025,34,56,43,43,42,58,57,53,57,38,33,52,48,50,16,6.24,11.946837440663,18.898080732877613,-1.5660340419505827,-1.4368867589071197,11.584322367954838,15.511332974035286
836,Kennedy Chandler,-1,FA,PG,23,72,182.9,30,33,41,32.270279186533415,,2430,1,1,2025,29,58,60,31,27,50,56,40,35,31,39,45,44,37,0,0,0,0,-6.271916148454846,-3.2974416295811686,0,-1.5615755037551586
841,Cam Christie,29,CHA,SG,20,77,195.6,44,29,56,28.72610601006371,,1150,1,1,2025,28,55,52,17,24,33,56,50,55,25,19,44,35,43,4,3.41,5.670857078590483,15.537366473534338,-3.3945030093921567,-4.527636469111847,-21.198646541410834,-24.282742020624333
842,Josh Christopher,18,BKN,SG,24,77,195.6,34,63,70,57.773933914048904,,6730,1,1,2025,57,66,68,79,60,71,64,52,51,62,59,50,51,56,68,28.36,13.27308333270963,19.11217993732568,-0.7618382652500704,0.8184615828969899,4.630441394537753,-0.9720621659682301
843,Max Christie,23,NOL,SG,22,78,198.1,48,35,50,34.152689565759935,,1320,1,1,2025,31,58,55,35,28,50,52,44,45,30,28,41,44,21,21,4.25,9.719532353485308,15.940634336034849,-1.8806596491318208,-3.341546498866596,0.5328905458788421,0.692280384196839
848,Jaylen Clark,-1,FA,SG,24,77,195.6,41,43,55,41.14668946639305,,2610,1,1,2025,37,63,51,18,34,55,42,42,37,40,55,40,40,55,10,2.34,6.882996512072113,14.331082030081907,-2.7942440653989227,-4.584960712718295,-20.28612935701053,-24.165625421815864
850,Walter Clayton,3,SAC,PG,22,74,188,33,38,58,37.11454427483892,,1300,1,1,2025,32,58,52,18,36,51,64,53,60,46,30,50,49,55,0,0,0,0,0,0,0,0
852,Nique Clifford,18,BKN,SG,23,77,195.6,46,47,58,45.04446419284214,,1970,1,1,2025,42,51,50,45,45,39,43,53,50,52,40,39,48,60,0,0,0,0,0,0,0,0
856,Isaiah Collier,1,NYK,PG,21,75,190.5,34,56,70,52.38541902099404,,1150,1,1,2025,51,63,48,57,49,73,45,61,49,48,51,58,56,61,59,17.21,11.448757743669768,19.570939802443625,-2.7538226894359856,-1.296317745516085,-8.494409855389971,-6.664726289159601
857,Yuri Collins,-1,FA,PG,24,72,182.9,22,35,43,34.050733207580436,,2320,1,1,2025,33,55,27,27,30,52,56,47,43,38,46,50,63,52,0,0,0,0,-6.147105860475966,-1.6757768096342964,0,-5.127471269265963
860,Javonte Cooke,-1,FA,SG,26,78,198.1,44,33,36,32.709033209281586,,1300,1,1,2025,30,46,49,36,39,49,38,58,42,44,28,33,37,44,0,0,0,0,0,0,0,0
863,Sharife Cooper,5,DET,PG,24,73,185.4,26,44,51,43.14966439511876,Ps,4950,1,1,2025,30,59,41,46,36,61,56,48,42,64,28,63,70,44,29,6.6,19.2480012523167,18.575086286441714,3.8692071711545246,0.9696209760712877,7.480185627434573,4.533007337083607
867,Cedric Coward,7,ATL,SG,22,78,198.1,55,55,62,52.09328189773389,,7370,1,1,2025,48,54,53,23,41,71,57,69,58,60,40,49,45,65,0,0,0,0,0,0,0,0
871,LJ Cryer,-1,FA,PG,24,73,185.4,25,38,47,37.11454427483892,,1440,1,1,2025,39,52,31,31,39,61,69,74,55,50,27,56,65,56,0,0,0,0,0,0,0,0
872,Cui Yongxi,-1,FA,SG,22,78,198.1,41,29,44,28.709371144439366,,2090,1,1,2025,27,43,45,32,18,42,48,39,41,31,30,33,40,48,0,0,0,0,-5.447992855208588,-3.72444545646969,0,-1.5615755037551586
875,Cade Cunningham,29,CHA,G,24,78,198.1,45,59,64,54.86473125839595,,9030,1,1,2025,59,45,46,70,46,76,64,56,42,71,49,48,56,70,56,22.45,14.839123945938807,18.072635368602022,0.036853171768116866,-1.263915778180455,6.161970947654679,4.640434015537464
876,Pacome Dadiet,11,HOU,SG,20,79,200.7,55,44,65,41.91623284041882,,9040,1,1,2025,33,56,45,38,33,36,49,68,50,46,36,43,34,51,46,6.94,3.7779330740021413,13.701039746307988,-6.1840693287878565,-3.2601367393881944,-10.825460617273878,-5.477495439435739
877,Dyson Daniels,1,NYK,G,22,80,203.2,49,65,74,60.60467028526251,Dp,5900,1,1,2025,45,69,58,64,46,60,47,40,47,62,68,57,61,63,74,31.12,18.42283984106808,16.63628184407797,1.793764714204083,0.9794496713521825,-3.5789371197548334,-0.10127139119994395
880,JD Davison,-1,FA,G,23,73,185.4,33,33,41,32.430932129297915,,2430,1,1,2025,37,60,66,40,22,53,43,34,42,34,21,44,42,51,4,1.32,0,23.072405008888747,6.903269646941082,-0.9067596635261879,18.217123494745632,15.237254076668972
881,Johnny Davis,-1,FA,SG,23,77,195.6,45,39,46,37.69811579587925,,2430,1,1,2025,44,51,50,44,49,50,46,44,43,45,35,31,31,54,14,3.31,6.424762254708944,11.39584077139165,-4.405367235141516,-1.4703803516002019,2.0480568154986636,-0.6779200251946588
882,Terence Davis,13,PHO,SG,28,76,193,37,60,61,55.69412603908162,"3,V",6440,1,1,2025,67,61,52,47,62,72,51,60,64,59,49,61,56,68,42,24.78,13.917560496034588,23.419662302176942,0.24907851154118799,-0.7928762478143758,1.827651975131037,-2.591920441934856
888,Egor Demin,20,DEN,PG,19,81,205.7,53,38,69,37.11454427483892,,9960,1,1,2025,16,41,39,59,26,8,43,71,59,43,35,39,50,50,0,0,0,0,0,0,0,0
890,RayJ Dennis,-1,FA,PG,24,74,188,29,38,46,36.718056822277184,,2320,1,1,2025,37,55,41,30,33,51,44,42,42,45,40,54,54,55,3,2.23,0,24.9794393540436,5.6630083111845675,1.334793334096089,42.49574839220733,48.72262093982556
896,Gradey Dick,25,ORL,SG,22,78,198.1,44,56,66,51.907436055065105,3,5010,1,1,2025,42,56,45,68,43,51,63,61,69,59,42,48,41,54,80,22.1,11.008741750433623,21.447232728788027,-1.8738476282699166,-1.9413932063401598,-12.510919815093075,-5.040604440393159
899,Rob Dillingham,16,POR,PG,20,73,185.4,29,41,64,39.38617411944176,,7600,1,1,2025,13,65,44,47,55,7,54,84,49,63,39,39,49,49,4,1.92,0,15.728375844931758,-4.410832502476499,1.818753889324527,6.2012325365781775,8.316433768914115
901,Donte DiVincenzo,7,ATL,SG,28,76,193,43,58,60,53.36110324636894,3,3710,1,1,2025,55,54,56,50,44,50,59,65,75,45,54,58,55,52,69,18.82,10.336721544639648,17.16876035867198,-2.1907893745425664,-1.2477305529079254,-3.227608770160768,-3.660850964419855
904,Luka Dončić,23,NOL,G,26,78,198.1,48,74,77,68.87882368529775,"A,Di,Dp,Po,Ps,R,V",41200,1,1,2025,85,62,57,72,79,67,40,39,49,77,67,72,79,77,78,36.82,24.573985600587218,23.39926735916285,6.297514075291957,4.113714027767244,1.3754567274499763,5.4890793990661395
906,Ayo Dosunmu,11,HOU,SG,25,77,195.6,46,69,72,63.19500370832197,"3,Di,Dp",20650,1,1,2025,66,64,61,69,52,70,38,62,65,67,65,58,62,71,54,36,20.209541465759873,21.52476795349436,4.268784041814891,2.794161203675692,-2.265478540729096,6.9590628402549015
907,Devon Dotson,21,IND,PG,26,74,188,30,66,68,61.3674391379069,"3,Ps,V",6860,1,1,2025,49,66,60,54,54,80,72,68,83,60,67,67,68,55,68,33.33,18.64997619483816,26.526519505229967,2.4355894560534663,0.3500400525322922,1.0078752090820795,4.619165360061393
924,Joshua Obiesie,-1,FA,PG,25,78,198.1,50,31,35,30.67425471550468,,2940,1,1,2025,28,46,42,21,20,40,49,27,34,34,24,51,55,22,0,0,0,0,0,0,0,0
932,Justinian Jessup,6,PHI,SG,27,79,200.7,48,52,53,49.40456608231752,3,2340,1,1,2025,38,49,47,44,48,64,91,68,73,55,39,39,36,58,72,6.53,13.678913166362976,19.146842941769265,0.34228108821650416,-0.6675746256313593,8.472323022218543,1.7303094874519556
938,Yam Madar,-1,FA,PG,24,75,190.5,32,44,55,41.96847002475079,,2720,1,1,2025,32,50,39,47,25,57,58,46,44,59,42,56,53,40,18,3.66,1.2088290876664267,19.965931867569946,-8.270063367472899,-5.809135018527458,-14.225394190237674,-17.27462452952861
940,DJ Steward,4,LAL,SG,23,74,188,29,52,61,49.178399946119576,,2620,1,1,2025,32,69,43,48,34,51,68,57,46,66,48,52,37,70,64,10.05,11.292994916065972,16.61333018116505,-2.419193357459142,-1.4052043245163723,-3.8329085514728165,-4.603635327251499
941,D.J. Stewart Jr.,2,GSW,SG,25,78,198.1,44,53,58,50.24383164799272,,2790,1,1,2025,51,57,62,42,35,56,66,50,50,52,44,46,46,49,42,16.84,11.309760154122182,14.695637146915285,-2.185920763770566,-1.6166432008419251,-1.2960920097696247,-0.38602019723292597
942,John Petty Jr.,9,CHI,PG,26,77,195.6,40,48,55,45.43427741663136,,2590,1,1,2025,29,64,44,52,26,65,49,54,59,49,35,56,44,57,18,8.72,6.963598834703768,16.114825997223562,-3.868392905066607,-2.108536462152569,4.05238954257282,1.5118738827778724
943,Kyree Walker,15,CLE,SG,24,76,193,38,38,52,36.81098287928227,,1430,1,1,2025,38,57,58,32,32,30,42,50,55,45,34,46,36,32,16,3.75,3.277308050440589,16.573456816400277,-7.029416969508582,-3.3548354214934024,-24.375888660380376,-24.012295772117675
944,Jaylin Galloway,14,LAC,G,22,78,198.1,44,45,58,42.88147879418692,,2610,1,1,2025,30,55,53,59,44,59,67,50,43,45,38,40,43,43,36,5.93,4.925047514705882,17.03175656305828,-6.810596198240867,-1.8360237248590563,-12.92509257097563,-18.775496991032064
950,Erik Stevenson,-1,FA,G,26,76,193,37,22,26,22.49938703313635,,2090,1,1,2025,22,37,31,20,30,35,65,56,60,27,22,27,32,28,0,0,0,0,0,0,0,0
955,Jaxson Robinson,-1,FA,SG,22,79,200.7,48,30,48,30.065726569947177,,1300,1,1,2025,33,49,44,17,35,31,59,43,58,32,22,32,39,30,0,0,0,0,0,0,0,0
956,Lamont Butler,-1,FA,PG,23,74,188,29,33,41,32.709033209281586,,1300,1,1,2025,45,53,48,27,15,37,42,44,45,37,30,52,47,24,0,0,0,0,0,0,0,0
1188,Alex Ducas,-1,FA,SG,25,78,198.1,49,36,40,34.94474781086879,,2090,1,1,2025,40,41,41,27,42,31,56,58,60,41,31,38,37,53,0,0,0,0,0,0,0,0
1196,VJ Edgecombe,11,HOU,SG,20,77,195.6,43,57,74,53.855486323956825,,13890,1,1,2025,38,70,67,48,51,59,51,83,56,60,44,42,50,61,0,0,0,0,0,0,0,0
1197,Anthony Edwards,26,MIN,SG,24,76,193,41,68,73,61.989480223446066,"A,Dp,Po,V",18690,1,1,2025,79,69,75,76,63,76,61,64,55,76,51,58,34,60,82,36.42,15.974646584247113,23.86135525004164,0.6303858111573675,-1.2682111939739187,-5.415652018286453,2.941253386162584
1205,Keon Ellis,-1,FA,SG,25,78,198.1,42,35,39,34.05472607687932,,2430,1,1,2025,26,61,48,34,19,63,66,41,43,37,28,40,34,59,0,0,0,0,0,0,0,0
1208,Tyson Etienne,-1,FA,PG,26,74,188,29,43,50,41.16742819973501,,2090,1,1,2025,46,61,49,44,32,56,55,47,43,38,50,44,45,45,0,0,0,0,0,0,0,0
1213,Jeremiah Fears,25,ORL,PG,19,76,193,37,44,74,42.40115755350774,,12320,1,1,2025,17,67,39,42,57,58,57,76,39,61,35,50,43,58,0,0,0,0,0,0,0,0
1218,Adam Flagler,-1,FA,SG,26,75,190.5,33,40,43,38.46593770828517,,2350,1,1,2025,29,52,51,35,28,55,59,43,58,49,38,46,43,50,0,0,0,0,0,0,0,0
1225,Trent Forrest,-1,FA,G,27,76,193,38,52,55,49.05096978270269,,2820,1,1,2025,59,62,61,37,50,67,69,52,38,50,43,44,46,64,0,0,0,0,0,0,0,0
1234,Johnny Furphy,4,LAL,SG,21,80,203.2,50,42,61,40.38670236077016,,2990,1,1,2025,23,55,60,32,24,38,53,52,48,46,43,36,35,56,18,4.59,13.86398234722454,12.00723391013736,0.5286736885752763,0.02276136877831547,-13.778641282214615,-14.096145663073704
1238,Myron Gardner,-1,FA,G,24,78,198.1,44,39,49,37.995646487950395,,1490,1,1,2025,47,48,44,30,31,32,52,54,52,44,36,41,40,66,0,0,0,0,0,0,0,0
1239,Darius Garland,15,CLE,G,25,73,185.4,33,58,61,54.17430683909973,3,20240,1,1,2025,42,55,50,63,48,68,58,46,60,65,53,63,48,50,46,30.11,11.841766014755699,16.85886136106037,-1.14501430188274,-1.0289866064893385,-3.029796430650479,-3.54443890672426
1245,Keyonte George,8,WAS,G,22,76,193,42,54,67,50.31929644538593,,9450,1,1,2025,45,60,52,80,43,63,63,47,49,59,30,47,50,57,73,15.91,11.40820418816632,18.680049101258316,-1.6488015963173823,-1.6454395546237035,0.41101657046496937,2.9942499831319487
1246,Kyshawn George,12,MIL,SG,22,79,200.7,52,45,58,42.82543333239268,,1150,1,1,2025,31,49,60,30,35,51,54,71,48,49,41,41,42,45,38,7.16,5.830007232350899,15.990918463327077,-4.725315015968269,-3.097165775808989,-1.2468011596472681,-13.00676597473474
1248,Keshon Gilbert,8,WAS,G,22,76,193,37,38,55,37.11454427483892,,1300,1,1,2025,40,57,41,31,36,62,53,39,38,34,38,55,56,48,0,0,0,0,0,0,0,0
1250,Shai Gilgeous-Alexander,10,OKC,G,27,78,198.1,41,60,63,56.50583737804526,Dp,21190,1,1,2025,60,70,71,59,43,47,50,47,40,44,55,66,64,47,73,27.14,15.486566592586591,16.104300423163977,-0.12603185408716389,1.5459457947591426,0.38513796229001573,0.9921410631729687
1256,Hugo González,1,NYK,SG,19,78,198.1,46,43,68,41.52005534039627,,9170,1,1,2025,42,54,65,33,22,28,45,37,52,41,47,34,35,66,0,0,0,0,0,0,0,0
1258,Jordan Goodwin,-1,FA,G,27,75,190.5,33,40,41,38.45727744863787,,2510,1,1,2025,37,59,50,41,35,62,4,35,48,52,40,27,45,67,0,0,0,0,0,0,0,0
1259,Jazian Gortman,-1,FA,PG,22,74,188,29,25,38,25.660215504389836,,1300,1,1,2025,29,52,43,16,27,44,26,37,36,29,26,43,41,40,0,0,0,0,0,0,0,0
1266,Jalen Green,10,OKC,SG,23,76,193,45,72,78,68.5696856509788,"A,Dp,Po,V",34650,1,1,2025,58,77,78,91,78,100,69,94,56,74,51,55,60,56,70,37.17,28.216131853097618,38.28982315016397,8.917712839848072,1.476818557172015,3.189978431206057,9.683097302786292
1267,Josh Green,5,DET,SG,25,77,195.6,43,50,56,47.285696075175274,,2720,1,1,2025,56,60,60,42,37,56,34,57,55,53,39,39,37,40,19,4.12,25.085865290151027,16.371129682286043,8.482163015052592,-1.422618151475433,5.586538136117402,5.773889322697057
1269,Quentin Grimes,29,CHA,SG,25,77,195.6,37,58,63,53.631044430882355,3,4290,1,1,2025,47,53,43,61,36,62,62,69,64,71,57,41,41,59,75,16.27,11.0077145066944,17.78138037852488,-2.1301019166270474,-1.8494198376374427,-1.341063024080003,-6.284605319746827
1276,Tyrese Haliburton,17,UTA,G,25,77,195.6,41,58,63,54.07617784272233,Ps,16090,0,1,2025,42,46,34,56,59,63,47,59,41,76,51,68,71,45,71,28.5,13.444853961545904,18.097758640233117,0.29651274275982153,-0.5136660668856168,5.737821936501813,-2.0184956978179733
1283,R.J. Hampton,16,POR,G,24,76,193,40,59,65,55.4542761031736,,4140,1,1,2025,46,67,64,49,45,64,57,61,43,59,50,60,64,48,82,20.49,16.42250921751514,19.254159887131816,1.9807228917221202,0.9754458315876455,-2.157129543851952,-0.10047669320120292
1285,Jaden Hardy,19,SA,SG,23,76,193,37,48,61,45.526100685206956,,3740,1,1,2025,27,69,72,76,39,59,46,64,52,49,26,52,37,48,59,5.38,7.010766929613444,16.229920210863103,-4.601388484677539,-2.128642399988154,-12.355610615982378,-9.960367825562397
1286,Elijah Harkless,-1,FA,SG,25,75,190.5,40,37,41,35.83370215213539,,2090,1,1,2025,36,51,49,35,34,48,59,56,44,39,30,50,46,63,0,0,0,0,0,0,0,0
1287,Dylan Harper,8,WAS,SG,19,78,198.1,45,51,74,48.568873045288015,,14680,1,1,2025,40,70,52,28,48,64,47,79,39,55,36,57,48,57,0,0,0,0,0,0,0,0
1288,Jared Harper,4,LAL,PG,28,70,177.8,19,58,58,55.53805441059677,"3,B,Ps",6110,1,1,2025,46,66,47,59,40,67,73,65,64,63,45,74,70,24,67,25.05,16.425221313870914,20.248180379417906,2.6017995613450893,0.1438821902649856,-3.334789632247531,-5.82204661984698
1290,Jalen Harris,-1,FA,SG,27,77,195.6,40,39,42,37.918914743523416,,2720,1,1,2025,42,55,37,28,41,50,60,34,47,38,39,50,43,53,0,0,0,0,0,0,0,0
1295,Jordan Hawkins,22,DAL,SG,23,77,195.6,44,59,67,54.15832584122616,3,6190,1,1,2025,48,52,49,73,38,58,65,74,71,67,49,43,43,58,77,20.52,11.395208091116814,19.645447088194476,-1.4368830373335841,-1.084024454157686,0.06007451023678892,1.056936480063182
1297,Killian Hayes,3,SAC,PG,24,77,195.6,37,47,56,45.49475572804264,,2610,1,1,2025,38,49,41,41,35,56,63,53,34,61,44,57,59,46,22,3.29,12.041008911237475,22.801977602584753,-2.5940954062031274,-1.7352989579943348,-3.3058457355458675,-2.3180486277180536
1298,Scoot Henderson,14,LAC,PG,21,75,190.5,38,63,75,59.12764002196773,"A,Dp,V",11530,1,1,2025,56,75,77,74,59,79,55,74,42,60,45,59,56,67,69,30.49,18.27050638674245,22.026705414058597,2.070934172318589,0.21176448850231466,2.487139944990397,-5.029131869470449
1301,Chucky Hepburn,22,DAL,PG,22,74,188,31,37,58,36.23344206172746,,1300,1,1,2025,33,61,47,23,28,59,61,47,30,39,43,56,52,48,0,0,0,0,0,0,0,0
1303,Tyler Herro,21,IND,SG,25,77,195.6,41,50,55,47.34460132550333,3,5530,1,1,2025,43,53,50,52,46,70,57,68,64,48,32,56,47,66,78,7.22,12.864116612968317,20.932617202572025,-0.755196972655082,-1.9241758329068905,4.224450714804828,6.0563523146434255
1311,Aaron Holiday,23,NOL,PG,29,72,182.9,35,58,58,54.39474945113181,3,4400,1,1,2025,59,53,55,53,50,53,68,70,77,46,48,68,66,49,70,23.18,14.348972281564754,19.94109493246747,0.9345684535331369,-0.5687259273446355,4.252725165115207,7.434611032846611
1315,Jalen Hood-Schifino,0,BOS,SG,22,78,198.1,42,57,69,52.50406582089912,,2340,1,1,2025,60,60,60,68,49,65,48,71,49,44,47,57,51,56,64,20.32,11.081915996985312,20.511547382879684,-2.8190645966381864,-0.970454367715774,0.21962839411686222,-0.9659714281844753
1316,Talen Horton-Tucker,8,WAS,G,25,76,193,37,55,57,50.97235275434998,,5680,1,1,2025,57,63,64,47,40,62,72,59,42,51,46,62,42,35,59,20,8.560806099374448,17.693717858978967,-4.5743732264675785,-2.3436990791345487,0.32371591924777054,2.8896660248846104
1332,Bones Hyland,-1,FA,G,25,74,188,31,40,47,38.85562074591975,,2510,1,1,2025,27,56,47,45,48,71,47,55,52,51,36,39,40,59,31,3.33,4.163104592607224,20.36271449209875,-5.777893307281134,-3.4877730369196174,-14.613097992706722,-14.257670105207806
1335,Jaden Ivey,2,GSW,SG,23,76,193,39,66,76,61.33421349232776,"A,B,Dp,V",8590,1,1,2025,51,84,79,92,63,87,53,60,52,67,37,61,52,68,75,35.83,18.49567497524182,25.497704480559147,1.6277214766982375,-2.3104495077620193,0.5026540605875202,4.659247421891078
1336,Andre Jackson Jr.,7,ATL,SG,24,78,198.1,43,42,51,40.28668815394991,,2040,1,1,2025,51,62,50,46,21,21,35,50,39,44,34,32,50,67,13,3.87,5.610362753068652,7.539069569231356,-4.672868899005559,-1.6359304254592892,12.3120542995635,13.255622115462202
1337,Frank Jackson,5,DET,PG,27,75,190.5,34,48,54,45.363563181510955,,3260,1,1,2025,60,55,51,46,38,51,51,58,49,50,43,49,43,46,58,7.72,6.163617020426376,14.94307065099058,-4.585937176027802,-2.42098060915532,-2.1324532535282397,-5.972845054788579
1343,Kasparas Jakucionis,5,DET,SG,19,78,198.1,40,38,66,37.11454427483892,,7030,1,1,2025,38,54,38,32,43,67,63,57,48,43,25,48,52,57,0,0,0,0,0,0,0,0
1344,Bronny James,17,UTA,SG,21,74,188,33,34,54,33.25749069811018,,1150,0.75,1,2025,25,55,58,20,37,43,40,59,45,38,40,39,46,40,34,5.59,4.289228486804287,17.99823469920429,-6.0115560649898425,-3.0770245128120335,-6.8108979770757285,-14.216934642669116
1346,Sion James,5,DET,SG,23,77,195.6,40,49,59,46.80666861906508,,3320,1,1,2025,46,59,72,48,30,51,54,29,59,49,39,33,46,52,0,0,0,0,0,0,0,0
1348,DeJon Jarreau,19,SA,SG,27,77,195.6,41,58,60,53.02317552410382,3,6610,1,1,2025,62,51,55,46,52,66,48,50,67,45,54,49,68,65,51,21.91,10.973727911246236,21.07915348420411,-1.7372610838851132,-0.7504985793396886,-2.1827472510784998,1.4118523273896453
1352,Daniss Jenkins,-1,FA,PG,24,75,190.5,33,39,50,37.60877090325749,,2320,1,1,2025,32,58,39,28,25,39,68,43,44,41,41,59,57,47,3,1.62,0,16.06800783238315,24.90202742761217,6.1655548204944,68.55456357662753,63.50514074179707
1353,Ty Jerome,-1,FA,SG,28,77,195.6,42,45,46,43.48512321626152,,2940,1,1,2025,43,48,34,41,39,58,58,51,49,42,42,62,59,33,1,2.33,0,0,-6.547490281309097,-3.256107493198664,102.06249971128338,108.57402342433723
1354,Isaiah Joe,-1,FA,SG,26,77,195.6,40,48,51,45.51386520048018,,2930,1,1,2025,39,56,56,36,34,60,50,43,56,48,45,51,43,36,45,3.5,8.762143189804377,13.794676671536484,-3.061616166430105,-2.141830977451235,-1.8267663906105145,-3.5286390107588073
1355,AJ Johnson,21,IND,SG,21,76,193,42,47,66,45.07010698224393,,1150,1,1,2025,27,70,68,31,36,58,49,63,45,49,33,54,52,49,50,4.79,17.708202131779498,16.830795788990887,1.1970064380618277,0.3444619117615231,4.574410254887922,5.902325033288041
1360,David Johnson,22,DAL,G,24,77,195.6,34,56,62,51.77846039697471,,2790,1,1,2025,53,58,46,51,38,56,48,50,51,56,56,60,52,61,70,8.9,9.054057168050871,15.79127783372238,-3.534557410894127,-0.49736643530431124,-5.8651887822231705,-6.277582913325777
1363,Keon Johnson,1,NYK,SG,23,77,195.6,38,59,68,54.00880935582713,"A,Dp",7510,1,1,2025,61,66,86,64,50,51,32,45,41,49,55,47,60,42,59,22.44,10.381176175269887,15.63265969058545,-3.079735329807227,0.15936966614760628,4.113027373435555,11.483706777542796
1366,Tre Johnson,18,BKN,SG,19,78,198.1,44,45,65,43.282259766619205,3,8380,1,1,2025,30,51,60,46,50,31,61,86,67,54,29,43,37,48,0,0,0,0,0,0,0,0
1367,Rokas Jokubaitis,-1,FA,G,25,76,193,37,39,49,37.611610834668596,,2510,1,1,2025,22,54,38,38,28,50,40,45,46,49,39,54,54,39,0,0,0,0,0,0,0,0
1369,Colby Jones,16,POR,SG,23,78,198.1,44,46,56,43.76438365045201,,2610,1,1,2025,46,55,53,33,39,59,39,64,47,41,39,57,48,49,13,2.71,7.776851669705214,17.609514565948878,-4.911523440853126,-2.9023911728740215,1.3547142435937736,3.4846832982703995
1370,Curtis Jones,0,BOS,G,24,77,195.6,37,39,50,37.995646487950395,,1300,1,1,2025,33,58,47,15,30,35,63,62,59,47,40,42,38,54,0,0,0,0,0,0,0,0
1377,Kam Jones,-1,FA,G,23,76,193,41,38,47,37.11454427483892,,1440,1,1,2025,43,50,44,31,41,14,42,63,48,50,34,39,51,52,0,0,0,0,0,0,0,0
1380,Tre Jones,-1,FA,PG,25,73,185.4,26,42,47,40.33499034296173,,2720,1,1,2025,28,59,54,34,26,48,47,32,26,53,53,55,60,13,0,0,0,0,0,0,0,0
1382,Johnny Juzang,-1,FA,SG,24,79,200.7,44,34,43,33.18360890947112,,2430,1,1,2025,36,48,27,32,31,39,59,29,48,43,33,49,32,36,5,2.53,11.278319407510299,6.284310963320683,-0.12143299733524415,-1.3144042568812804,-57.008623181830494,-60.20208643746515
1387,Yuki Kawamura,27,TOR,PG,24,68,172.7,7,42,54,40.269265696690624,"3,Ps",1150,1,1,2025,35,63,37,24,33,65,68,62,60,62,40,57,66,42,7,2.33,0.3862499666077542,23.247428209618494,-10.122994173463752,-6.021631593729758,17.62299521789419,16.12788920283183
1388,Trevor Keels,-1,FA,SG,22,77,195.6,37,47,62,44.826601711034826,,2430,1,1,2025,57,59,53,44,37,57,56,58,55,33,46,38,48,50,42,5.45,11.175293171595564,16.92753976363342,-2.5464419468684243,-1.2598682408251598,2.0797907384679317,1.2867360612185996
1390,Miles Kelly,18,BKN,PG,22,78,198.1,44,33,52,32.709033209281586,,1300,1,1,2025,35,48,53,22,32,15,62,61,56,34,32,36,35,52,0,0,0,0,0,0,0,0
1397,Mojave King,-1,FA,SG,23,77,195.6,41,26,38,26.038690112868835,,2350,1,1,2025,38,50,47,26,23,40,37,24,32,27,25,29,30,37,0,0,0,0,-5.105408539042116,-2.5715340789935546,0,-3.7359350659648944
1398,Taevion Kinsey,-1,FA,SG,25,77,195.6,41,35,39,34.055793469602186,,2350,1,1,2025,49,55,53,36,47,63,48,34,22,34,31,41,40,52,0,0,0,0,0,0,0,0
1405,Tyler Kolek,-1,FA,PG,24,73,185.4,29,39,50,37.69898009330181,,2320,1,1,2025,37,54,48,42,35,51,62,69,39,47,37,48,52,46,17,4.23,11.324353751102898,14.698522133865307,-2.180425771925531,-2.354469507412295,-12.761301018890741,-12.00068595823282
1409,Vit Krejci,-1,FA,G,25,80,203.2,48,54,58,51.14831563717896,Ps,3150,1,1,2025,37,52,50,39,42,60,43,48,52,59,39,61,66,50,81,7.82,14.782538884694203,16.167155037100176,1.4891849221035507,0.052182941470612754,7.027548366405653,3.561668508132613
1416,Chaz Lanier,-1,FA,SG,24,76,193,43,38,50,37.11454427483892,3,1440,1,1,2025,32,52,48,34,37,26,56,60,64,47,30,37,36,47,0,0,0,0,0,0,0,0
1418,Pelle Larsson,19,SA,SG,24,77,195.6,44,40,52,38.561218383702155,,1150,1,1,2025,37,49,32,39,27,63,50,49,51,48,36,40,43,40,19,3.71,9.947035424744767,18.94927791879811,-1.8440175759334685,-2.071960920058648,-4.749078633874532,-1.581972662248328
1419,A.J. Lawson,20,DEN,SG,25,78,198.1,45,55,58,51.623833949868924,,3220,1,1,2025,33,70,53,41,31,77,42,54,50,58,40,57,54,43,79,10.21,12.645205163376035,19.49942941939231,-1.1187991034725666,-1.1133587513991126,-4.1930635596388495,-0.8711028815994042
1421,Jalen Lecque,10,OKC,G,25,76,193,37,53,59,49.702375169506,,2340,1,1,2025,40,63,66,51,24,59,62,51,54,53,47,47,38,35,69,7.78,8.280539548255632,15.68383486423799,-3.9541684235946035,-1.9008794220139706,3.019991013194716,3.621632003605912
1422,Saben Lee,6,PHI,PG,26,74,188,30,74,77,68.37507941665419,"3,B,Dp,Ps,V",11810,1,1,2025,58,69,59,87,63,80,70,76,75,75,71,76,73,66,61,37.16,22.873622922647755,26.46145091503383,6.30538811766686,2.4413456673885765,9.014727762721252,4.848552323853339
1424,Kira Lewis Jr.,-1,FA,PG,24,73,185.4,33,44,54,42.06416428964151,,2720,1,1,2025,32,59,49,55,47,49,55,42,33,44,46,58,51,33,0,0,0,0,0,0,0,0
1426,Scottie Lewis,-1,FA,SG,25,77,195.6,37,48,54,45.61219990606803,,2510,1,1,2025,44,60,65,46,31,55,63,42,51,38,57,44,25,44,0,0,0,0,0,0,0,0
1435,Caleb Love,3,SAC,SG,24,76,193,41,43,55,41.52005534039627,,1300,1,1,2025,44,63,61,41,45,22,53,84,42,49,27,48,42,51,0,0,0,0,0,0,0,0
1441,Daryl Macon,8,WAS,G,30,74,188,42,50,50,46.81906996523663,,4710,1,1,2025,63,43,39,52,48,51,59,42,60,46,42,55,50,54,57,8.18,7.390074999442579,16.634789267001004,-4.039250502308459,-2.9593826693346337,-8.60240256247882,-7.8122784705745945
1444,Théo Maledon,18,BKN,PG,24,76,193,40,61,67,56.995184114894165,Ps,16180,1,1,2025,39,58,56,66,40,61,59,53,57,70,55,59,63,48,80,30.93,16.000247321818282,15.987897814590337,2.224786496540709,1.4462815775481026,4.491702924814904,-1.7046768423127112
1447,Karim Mané,20,DEN,PG,25,75,190.5,41,56,59,52.47601195367935,,4970,1,1,2025,58,54,52,50,46,63,58,70,52,53,47,60,56,36,71,11.02,12.861121832381777,19.303737783526973,-0.5650145787235514,-1.068055330426228,-0.7306186843874538,3.4501436889726373
1448,Kyle Mangas,-1,FA,PG,26,76,193,37,39,45,37.995646487950395,,1300,1,1,2025,26,54,39,27,28,46,43,58,59,47,38,51,56,30,0,0,0,0,0,0,0,0
1449,Nico Mannion,19,SA,PG,24,74,188,31,57,65,54.82286546441076,Ps,7930,1,1,2025,47,46,30,54,39,66,66,61,49,77,50,68,69,55,51,28.36,17.57474777494069,19.06963255352999,2.252275991087358,0.33001702996203,-4.86027578958934,-2.6264030744363396
1451,Tre Mann,20,DEN,PG,24,75,190.5,33,59,64,56.222972120904195,"3,V",8320,1,1,2025,42,65,52,51,50,74,66,67,69,70,42,62,56,71,57,27.41,18.1561873807273,24.151070065196777,3.3545884668821078,0.10534461256404803,-4.45110729884179,-1.5717150768747392
1452,Chris Mañon,-1,FA,G,24,77,195.6,41,39,48,37.995646487950395,,1440,1,1,2025,44,51,29,27,29,49,55,45,49,40,43,54,41,31,0,0,0,0,0,0,0,0
1455,Alijah Martin,-1,FA,SG,24,74,188,38,38,47,37.11454427483892,,1440,1,1,2025,56,54,47,27,34,35,51,48,44,36,43,39,38,41,0,0,0,0,0,0,0,0
1459,Jeremiah Martin,-1,FA,PG,29,75,190.5,30,56,56,53.27262298982916,"B,Ps",4340,1,1,2025,54,63,54,46,41,77,50,69,46,55,44,75,64,53,66,26.63,14.41467472219365,21.221047311386684,0.2076335558813076,-0.34020668924011144,-8.188600860746384,2.7682089433993298
1463,Jahmai Mashack,21,IND,SG,23,76,193,40,39,54,37.995646487950395,,1300,1,1,2025,51,53,62,7,28,40,45,32,48,30,53,43,37,52,0,0,0,0,0,0,0,0
1469,Tyrese Maxey,26,MIN,G,25,74,188,33,47,53,44.48797665223383,,1150,1,1,2025,46,59,56,62,60,73,56,52,30,53,35,52,46,45,82,11.34,6.800961231439258,20.447244670335994,-5.830680430544224,-2.748911884406742,-12.356905663904723,-8.111596979489793
1471,Bez Mbeng,29,CHA,SG,22,76,193,37,32,54,31.827930996170114,,1300,1,1,2025,36,57,53,21,25,31,10,66,30,18,50,39,53,48,0,0,0,0,0,0,0,0
1472,Miles McBride,1,NYK,PG,25,74,188,26,58,61,53.89069173788754,3,1150,1,1,2025,44,65,45,54,55,68,75,65,69,55,55,59,60,48,79,22.24,13.54505551434391,23.191417812059754,-0.12987967302792303,-1.444959359429629,-8.669403889436966,-9.214833527694728
1473,Jared McCain,1,NYK,G,21,74,188,33,49,68,46.54782057683395,3,9750,1,1,2025,32,59,35,40,53,56,67,89,68,67,34,45,48,51,9,8.26,13.581852712334113,24.183946589146558,-1.2896456146352522,-2.6097258110146964,3.2419906094709408,6.9079344349795795
1475,Mac McClung,25,ORL,G,26,74,188,30,50,53,47.35975048051225,,1240,1,1,2025,55,55,58,44,45,69,57,48,52,50,44,53,45,53,73,7.15,8.903648627422085,17.97584294117118,-4.692739872023775,-1.413514472506491,-8.91383971008926,0.9351615336911921
1476,Javante McCoy,-1,FA,SG,27,77,195.6,40,33,36,32.277884787068984,,2090,1,1,2025,34,46,36,27,29,41,66,47,53,37,35,38,41,48,0,0,0,0,0,0,0,0
1482,Bryce McGowens,9,CHI,SG,23,79,200.7,48,50,57,46.443256731052045,,1150,1,1,2025,34,55,57,66,32,61,60,46,48,51,37,44,38,61,71,7.41,4.068133457989646,14.084657950726557,-5.667049638400672,-1.1971254584680304,-12.052041602560177,-10.756119921855532
1489,De'Anthony Melton,-1,FA,G,27,74,188,40,44,46,42.09887655669489,,3150,1,1,2025,43,46,51,48,26,23,38,41,42,32,54,57,63,40,31,4.59,9.053220863156923,10.264017232913051,-4.802237294584561,0.8898367828965714,-7.759439691468612,2.039400431612796
1495,Mike Miles Jr.,-1,FA,PG,23,74,188,30,34,48,33.345560850627585,,2610,1,1,2025,41,60,55,26,41,61,45,59,31,31,35,45,44,52,8,2.43,26.578726313995613,14.89323431596803,7.8345831030618305,0.7052409179132892,-7.294200652084238,-4.591251523256598
1505,Ajay Mitchell,23,NOL,SG,23,77,195.6,41,46,54,43.69301010725868,,4530,1,1,2025,40,63,47,56,28,18,58,63,39,51,40,48,43,44,21,7.08,1.3389738790359869,10.925115073349973,-7.629073556259447,-2.5402371325895494,-20.799634703316084,-21.459556578731142
1506,Davion Mitchell,4,LAL,PG,27,74,188,22,55,58,50.222883773580826,,2590,1,1,2025,59,71,62,49,48,60,25,48,46,51,58,53,48,57,67,13.02,6.723056650156707,15.784377483229704,-5.839130752742811,-1.2078898285425819,-3.099718217887993,-4.004047922597889
1512,Moses Moody,7,ATL,SG,23,77,195.6,41,57,67,52.96372207123386,,5810,1,1,2025,44,63,67,50,45,61,56,40,51,64,50,43,36,58,73,13.8,10.463812690177761,14.349568989334418,-2.4396011290268262,-0.2645995331687221,-6.85443269309072,-8.171359419645942
1515,Omari Moore,-1,FA,SG,25,78,198.1,45,32,36,31.388930445802377,,2350,1,1,2025,42,49,46,18,33,50,47,36,41,33,22,46,48,45,0,0,0,0,0,0,0,0
1517,Wendell Moore Jr.,8,WAS,SG,24,77,195.6,40,53,58,49.270701646148,,1720,1,1,2025,56,58,59,48,67,72,62,54,53,38,48,40,46,64,78,10.68,8.848791072496699,23.48634895720283,-3.8035762088496514,-2.7124704294293935,-6.932340918116837,-6.612786387904441
1518,Alex Morales,-1,FA,PG,28,78,198.1,44,37,40,36.23344206172746,,1300,1,1,2025,33,54,47,39,44,56,44,50,21,42,39,42,44,57,0,0,0,0,0,0,0,0
1519,Ja Morant,3,SAC,PG,26,74,188,33,69,72,65.06563391538747,"B,Ps,V",33600,1,1,2025,57,72,80,92,80,96,68,75,43,70,43,76,76,81,69,35.27,23.607290929117788,29.52261172463765,5.80577101028866,1.619159773968856,-2.67258614226105,-4.285809621024127
1532,Andrew Nembhard,2,GSW,G,25,77,195.6,37,59,64,54.03123423381532,3,6440,1,1,2025,42,54,47,76,47,35,57,80,63,67,55,54,54,49,49,25.1,11.566106191519067,17.515721419110246,-2.4785866220098787,-1.387599898779396,-0.8238417058892846,0.22604019531783123
1533,RJ Nembhard Jr.,6,PHI,SG,26,77,195.6,41,59,62,54.17942342997084,,2290,1,1,2025,52,57,54,63,55,59,68,42,50,53,56,59,62,58,70,17.27,12.889383476496995,16.520434839736417,-0.7563278477031132,0.6515391074941506,6.196968554763338,-1.0819198771437988
1534,Ryan Nembhard,23,NOL,G,22,72,182.9,25,38,57,37.11454427483892,,1300,1,1,2025,50,56,29,68,24,8,49,78,51,53,22,51,56,49,0,0,0,0,0,0,0,0
1538,Tristen Newton,-1,FA,SG,24,77,195.6,41,43,54,41.154823326791025,,2320,1,1,2025,45,51,47,36,38,58,63,45,40,44,36,51,57,60,12,3.58,3.4959898972245385,11.733030061896864,-4.92012896841819,-2.7329535447268967,-16.608499602286514,-20.568305230803038
1541,Daishen Nix,3,SAC,G,23,77,195.6,41,55,66,50.31195203769768,,3570,1,1,2025,37,66,55,51,29,47,52,46,41,55,49,59,60,53,76,13.15,7.735774114261232,11.520487931077122,-4.496313853276747,-0.5847967845319353,-3.3497264768358974,-3.10623395662238
1548,Juan Nunez,11,HOU,PG,21,76,193,40,30,54,29.581016402554845,,1150,1,1,2025,21,51,36,26,32,50,29,42,36,33,28,47,51,49,7,4.66,-5.092070995745184,11.388800111736504,-11.860512279414571,-4.714148676402267,-17.40863282446554,-11.713853687744262
1549,Kendrick Nunn,0,BOS,G,30,74,188,33,40,40,39.35401540237927,3,2910,1,1,2025,52,35,32,32,61,75,44,71,62,47,33,55,59,35,25,5.1,17.031549447611322,25.02264002103795,3.0802168799510525,-0.2542868722382483,7.088265517976344,6.42829329494309
1555,Josh Okogie,19,SA,SG,27,76,193,42,68,71,62.4798333363967,"Di,Dp",18500,1,1,2025,69,66,64,69,51,71,54,52,58,64,67,63,52,52,65,34.64,17.631135507876,21.563870008691534,1.4688573853859932,0.7545191852567559,-2.081375676744979,2.589895745017429
1560,Quincy Olivari,-1,FA,PG,24,75,190.5,33,30,35,29.60089454021302,,2090,1,1,2025,28,48,50,21,27,46,51,45,46,41,30,43,34,36,0,0,0,0,-5.876623768666487,-2.7056824642626953,0,-3.166032509918886
1573,Micah Peavy,-1,FA,SG,24,79,200.7,43,38,49,37.11454427483892,,1440,1,1,2025,40,51,57,26,35,12,22,59,35,49,48,37,34,55,0,0,0,0,0,0,0,0
1574,Sean Pedulla,24,MIA,PG,23,73,185.4,29,37,53,36.23344206172746,,1300,1,1,2025,42,50,48,30,31,49,61,49,57,41,34,56,51,45,0,0,0,0,0,0,0,0
1580,Taelon Peter,2,GSW,SG,23,76,193,38,38,53,37.11454427483892,,1300,1,1,2025,38,52,39,39,38,31,51,54,58,48,32,43,39,47,0,0,0,0,0,0,0,0
1586,Scotty Pippen Jr.,0,BOS,PG,25,73,185.4,26,53,58,49.892018807255624,,3530,1,1,2025,47,61,44,59,41,73,63,61,48,46,49,59,61,51,53,11.89,10.112036614038187,18.753464470121713,-2.633779556064299,-1.3735865677112828,1.208597026501621,0.4057112981668481
1587,Daeqwon Plowden,-1,FA,SG,27,78,198.1,49,43,45,41.16742819973501,,2090,1,1,2025,50,57,54,31,49,40,62,50,53,39,38,32,32,51,0,0,0,0,0,0,0,0
1588,Brandin Podziemski,11,HOU,SG,22,77,195.6,35,56,64,51.841684569122464,3,13610,1,1,2025,46,49,57,92,42,44,42,59,59,60,47,41,56,77,81,24.53,10.601018597167577,15.680527082671734,-1.6916715157921765,-0.08369290184250211,-6.221694418255611,-0.8668526436845969
1593,Jordan Poole,27,TOR,G,26,76,193,37,59,62,55.55033285542291,3,9960,1,1,2025,41,59,53,53,42,58,78,64,71,59,52,59,63,37,82,15.64,14.117836219261973,19.807835837726095,0.12259645216109227,-0.725286677637305,2.0943610433343247,0.7877660742722806
1594,Craig Porter Jr.,-1,FA,PG,25,74,188,32,35,42,34.217915478846145,,2350,1,1,2025,29,48,80,22,27,51,32,71,26,49,37,48,47,60,14,3.67,7.921209715360894,13.225921385052262,-5.485360852394461,-2.6018511127782613,2.819325789612189,3.8488080985386235
1600,John Poulakidas,17,UTA,SG,22,78,198.1,44,34,51,33.59013542239305,3,1300,1,1,2025,38,41,39,26,38,43,21,44,61,42,34,35,44,42,0,0,0,0,0,0,0,0
1601,Drake Powell,0,BOS,SG,20,78,198.1,47,39,63,37.995646487950395,,5010,1,1,2025,32,63,52,17,29,49,38,37,50,39,40,39,40,44,0,0,0,0,0,0,0,0
1603,Jason Preston,21,IND,PG,26,76,193,33,62,64,59.26897793444713,"3,Ps",10860,1,1,2025,53,63,51,48,45,74,36,57,62,72,49,68,81,67,79,31.57,21.100221884633946,21.204963465722425,4.712993553284554,1.1912791061308576,-1.1065114112627878,-0.36287894069460597
1605,Payton Pritchard,21,IND,G,27,73,185.4,32,51,55,48.253005757846914,3,1420,1,1,2025,54,42,47,47,42,56,66,52,59,60,41,62,54,59,70,9.04,12.82789031894482,17.303543580872272,-0.9335562682792231,-1.0566712235611782,-1.7302975393788507,-0.9023617044717291
1607,Tyrese Proctor,1,NYK,PG,21,77,195.6,43,38,60,37.11454427483892,,1300,1,1,2025,37,52,37,51,36,25,44,54,55,41,35,42,41,42,0,0,0,0,0,0,0,0
1609,Zyon Pullin,18,BKN,SG,24,76,193,37,46,53,43.81987735868027,,1150,1,1,2025,48,59,37,35,29,63,72,47,50,39,41,57,59,48,41,3.98,7.000621097458999,17.774755405935093,-4.768031014385322,-1.210081477541559,-1.456486453676752,-6.867730297650655
1611,Trevelin Queen,18,BKN,SG,28,78,198.1,44,58,59,53.9183614213571,3,3460,1,1,2025,49,63,45,49,47,75,52,59,63,63,46,48,40,57,73,20.06,14.672778331437248,21.420797984104937,1.4113718073601715,-0.5709540961959965,6.712591898042342,2.520748859709804
1613,Immanuel Quickley,1,NYK,G,26,75,190.5,38,54,57,50.66657077218854,3,1150,1,1,2025,53,60,56,43,49,68,74,63,70,55,34,47,41,46,81,11.2,10.041473016443527,20.90589387660386,-2.6729869013828527,-3.3098738427568115,-2.8166584263937624,0.9332137812452354
1614,Lester Quiñones,-1,FA,SG,25,77,195.6,41,45,54,42.945336882268215,,2430,1,1,2025,48,63,55,47,43,62,56,57,49,36,35,46,39,54,0,0,0,0,0,0,0,0
1615,Jahmi'us Ramsey,6,PHI,SG,24,75,190.5,33,51,60,47.852005467524386,3,2430,1,1,2025,49,49,54,54,36,57,28,46,69,52,54,50,34,43,50,4.41,3.2244735852122357,15.521871183766217,-6.659924151606447,-1.9769678973327114,-11.176471186377755,-19.196073335120744
1618,Austin Reaves,-1,FA,G,27,77,195.6,41,55,56,51.9441311191437,3,3850,1,1,2025,42,51,39,45,39,66,70,73,71,65,34,55,60,57,64,18.27,15.652261998481466,20.408476687809156,1.6386276771622947,-0.3641229107158255,3.0366351116299195,-5.23689350374841
1624,Antonio Reeves,-1,FA,SG,25,77,195.6,44,34,37,33.16683912833558,,2090,1,1,2025,33,47,46,38,25,18,60,59,52,45,29,36,33,40,0,0,0,0,0,0,0,0
1628,Jase Richardson,25,ORL,SG,20,75,190.5,37,38,60,37.11454427483892,,1300,1,1,2025,33,50,49,39,34,54,55,54,53,48,32,46,38,50,0,0,0,0,0,0,0,0
1630,Will Richard,10,OKC,SG,23,77,195.6,47,51,62,48.568873045288015,3,6700,1,1,2025,39,61,37,23,28,53,61,61,62,50,50,46,43,54,0,0,0,0,0,0,0,0
1631,Kadary Richmond,-1,FA,SG,24,77,195.6,44,29,38,29.18462435683571,,1300,1,1,2025,39,47,44,24,45,39,60,37,32,25,26,40,47,46,0,0,0,0,0,0,0,0
1637,Jerome Robinson,-1,FA,SG,28,76,193,42,55,57,51.46514023053572,3,3280,1,1,2025,66,49,48,47,40,57,54,60,67,48,48,51,48,47,80,7.23,8.836727655175164,17.132057834618887,-2.5455479118210995,-2.2795855409997197,-6.759243051153246,-5.453740515813696
1644,Ryan Rollins,-1,FA,PG,23,76,193,37,50,59,47.153333309647586,,2510,1,1,2025,42,42,37,43,45,63,67,64,59,54,50,45,57,69,65,15.82,8.705539932819683,19.290541407779326,-3.190566027251386,-1.5478084793525997,-9.841059677211721,-4.987764939500935
1646,Rayan Rupert,13,PHO,SG,21,78,198.1,54,40,57,38.53117934337956,,2610,1,1,2025,37,61,46,26,42,55,44,38,30,33,42,40,38,53,34,3.3,6.733672652837384,12.70511083305858,-5.5447633486046595,-1.143824201220487,-2.965644069388023,-6.897791652328357
1647,Cormac Ryan,-1,FA,SG,27,77,195.6,42,38,43,37.11454427483892,3,1300,1,1,2025,28,49,34,31,28,53,65,66,67,41,36,40,45,47,0,0,0,0,0,0,0,0
1650,Hunter Sallis,-1,FA,SG,22,77,195.6,40,32,46,31.827930996170114,,1300,1,1,2025,32,57,51,36,41,58,53,55,32,34,22,49,33,38,0,0,0,0,0,0,0,0
1654,Kobe Sanders,4,LAL,SG,23,78,198.1,48,39,54,37.995646487950395,,1300,1,1,2025,43,44,37,52,42,48,51,38,46,41,37,38,39,42,0,0,0,0,0,0,0,0
1658,Ben Saraf,22,DAL,SG,19,78,198.1,41,39,62,37.995646487950395,,6020,1,1,2025,30,50,56,31,31,54,52,57,38,41,38,53,53,56,0,0,0,0,0,0,0,0
1661,Marcus Sasser,-1,FA,PG,25,74,188,38,38,45,36.78730931605437,3,2350,1,1,2025,30,56,50,16,33,29,58,63,64,47,33,43,47,51,0,0,0,0,0,0,0,0
1663,Baylor Scheierman,2,GSW,SG,25,78,198.1,47,36,40,35.02893951786333,,1150,1,1,2025,32,50,39,12,21,0,55,66,56,58,40,19,38,58,17,3.73,10.7818309504141,9.296936183836653,-0.6067004476996285,-2.879302941877113,2.284492281877585,3.3171654570159266
1666,Jay Scrubb,14,LAC,SG,25,77,195.6,44,56,62,51.59006545213295,,3160,1,1,2025,47,60,60,41,40,68,48,48,50,49,61,46,40,65,82,10.56,7.214714092023902,15.151846828513733,-5.190866056785864,-1.3846343811943624,-0.9892160916199434,-7.460530053014759
1667,Dereon Seabron,-1,FA,SG,25,79,200.7,45,49,54,46.56138403650712,,2430,1,1,2025,46,63,58,46,41,76,44,57,37,45,35,47,49,73,0,0,0,0,0,0,0,0
1668,Mark Sears,-1,FA,PG,23,73,185.4,22,33,47,32.709033209281586,,1300,1,1,2025,21,57,38,32,38,52,62,58,53,48,30,51,43,45,0,0,0,0,0,0,0,0
1671,Collin Sexton,1,NYK,G,26,75,190.5,29,67,70,62.93649476490484,"3,Ps,V",40570,1,1,2025,83,50,51,71,70,68,73,72,60,72,65,64,64,55,35,33.08,23.042570720927397,26.939163357781922,5.7997394063796355,1.2354299215102076,0.8742202182595484,6.229152209875069
1672,Landry Shamet,14,LAC,SG,28,76,193,37,58,58,54.275281797035454,3,4170,1,1,2025,57,64,62,42,28,50,61,67,90,58,37,56,49,40,78,19.15,15.905323935212431,17.5668370402184,2.267023778244603,-0.4998658668344209,8.058492221264133,5.187385069327394
1673,Terrence Shannon Jr.,-1,FA,SG,25,78,198.1,41,41,46,39.389519517201805,,2090,1,1,2025,37,55,57,37,37,61,57,63,54,42,35,41,35,46,0,0,0,0,0,0,0,0
1675,Shaedon Sharpe,24,MIA,SG,22,78,198.1,44,62,71,56.800222253237735,,10470,1,1,2025,47,70,78,100,44,73,59,73,59,58,37,50,42,60,71,28.97,13.037662507725397,21.845099110758692,-0.3080759480841113,-0.8651045998249227,6.050058458479287,3.8125631708498875
1677,Jamal Shead,15,CLE,PG,23,72,182.9,30,35,48,34.090703974083006,,1150,1,1,2025,30,49,54,45,26,25,46,78,37,47,38,47,47,37,11,2.38,12.570430297425698,7.05386471780119,-0.4382856487027942,-1.1076951999151694,-21.599583559723303,-21.010825570748924
1678,Ben Sheppard,13,PHO,SG,24,78,198.1,40,58,64,53.73046358856218,3,6150,1,1,2025,48,58,41,78,35,44,50,57,64,61,51,45,48,64,30,16.56,8.068040792955282,14.566614025332774,-4.211987775175779,0.14616500337435046,10.809851880226526,9.19777010364436
1679,Reed Sheppard,7,ATL,G,21,74,188,31,38,55,36.73320423608847,3,6370,1,1,2025,29,48,62,29,36,15,56,73,62,54,39,32,48,48,6,4.33,6.246196034462665,14.578125563956544,-4.040570776468043,-3.741896137266468,-40.28967631220522,-39.77819842854782
1680,Max Shulga,-1,FA,SG,23,76,193,38,38,47,37.11454427483892,,1440,1,1,2025,41,53,38,27,37,53,53,53,56,41,33,49,44,53,0,0,0,0,0,0,0,0
1683,Anfernee Simons,27,TOR,SG,26,75,190.5,40,64,67,59.58324454472498,3,4030,1,1,2025,68,57,58,56,61,63,54,64,62,62,61,65,57,61,72,28.03,17.474824737149383,23.124591142353317,1.6562201259280238,-1.3128003236234855,2.6135155190114863,2.144610988249314
1685,KJ Simpson,3,SAC,PG,23,72,182.9,29,49,59,46.39375263137571,,1150,1,1,2025,38,54,53,45,29,56,61,60,48,51,52,55,51,60,52,3.86,5.771811639412463,14.776195334930831,-6.82074816272476,-1.1252659264563825,-2.621277783051617,-1.6762471136262453
1687,Jaylen Sims,-1,FA,SG,27,78,198.1,37,36,38,34.94474781086879,,2090,1,1,2025,43,58,52,39,31,57,43,33,44,38,33,35,35,52,0,0,0,0,0,0,0,0
1689,Deividas Sirvydis,-1,FA,SG,25,80,203.2,50,47,54,44.62708993319282,,2940,1,1,2025,35,53,41,44,46,36,56,69,58,52,30,51,58,31,49,6.05,9.228670611304464,18.586994543884156,-2.4459632608167556,-2.595344469487177,-5.521963638313245,-9.21417365163396
1693,Javon Small,5,DET,PG,23,74,188,30,39,51,37.995646487950395,,1300,1,1,2025,28,53,54,48,35,55,63,52,53,50,29,47,48,41,0,0,0,0,0,0,0,0
1695,Dru Smith,15,CLE,SG,28,75,190.5,33,49,51,46.14076796332962,,1330,1,1,2025,46,59,53,39,30,40,67,64,50,50,52,35,52,53,72,11.37,4.672724483157955,12.537997828095879,-6.0974329908866505,-1.778239468728823,-4.262028898564805,-4.457756053153766
1698,Malachi Smith,-1,FA,SG,26,76,193,37,33,36,32.709033209281586,,1300,1,1,2025,36,54,31,31,22,33,47,50,49,37,30,39,50,51,0,0,0,0,0,0,0,0
1699,Nick Smith Jr.,17,UTA,SG,21,74,188,41,66,75,59.544125340355556,"3,V",5890,1,1,2025,47,58,56,76,71,49,68,83,72,89,53,52,47,59,49,29.23,16.416069684342148,21.692581173768215,1.9462436070297215,-0.32879621938978687,15.175947693407622,13.282799155280433
1700,Terquavion Smith,-1,FA,PG,23,76,193,36,27,37,26.928917123392345,,2350,1,1,2025,18,51,47,19,30,42,37,51,40,35,24,43,37,41,0,0,0,0,-6.757301290175487,-2.9976410135167697,0,3.195328718581847
1707,Matteo Spagnolo,28,MEM,G,22,76,193,42,41,56,39.387916673388865,,2700,1,1,2025,45,45,47,41,59,52,62,50,56,53,27,37,40,52,3,1.81,0,23.089531458205716,-20.502489310259172,-10.093570307177249,-78.52867953403066,-82.67398222267711
1710,Cam Spencer,-1,FA,SG,25,75,190.5,36,37,43,35.83370215213539,3,2090,1,1,2025,28,52,43,45,26,27,67,55,63,49,30,38,38,48,0,0,0,0,0,0,0,0
1712,Jaden Springer,7,ATL,G,23,76,193,35,77,83,72.35969268995811,"3,Di,Dp,Ps,V",15450,1,1,2025,48,70,70,71,74,88,57,71,77,85,93,58,57,65,71,36.62,28.96433236545965,31.651641637329714,8.834895010678915,4.853212030464851,2.6006436780381326,9.942273114028891
1713,Cassius Stanley,16,POR,SG,26,77,195.6,44,56,59,52.24709217229403,,5000,1,1,2025,41,58,78,52,37,69,56,73,56,52,46,46,39,56,72,11.15,11.939474454759916,19.824473903618426,-1.599643182918976,-1.2474949935050383,3.0878829168228537,6.499956754477716
1714,Isaiah Stevens,-1,FA,PG,25,72,182.9,22,43,47,41.16742819973501,,2090,1,1,2025,31,64,44,35,34,53,86,46,49,44,44,58,64,45,0,0,0,0,0,0,0,0
1719,Jalen Suggs,16,POR,G,24,77,195.6,39,53,59,50.71275797751086,,2880,1,1,2025,55,56,56,49,52,78,60,76,33,46,41,57,64,58,71,5.78,16.992623447899966,24.09586027140272,1.182546502463965,-0.11768168937075085,0.3485750877592958,2.729463631752772
1729,Tyrell Terry,-1,FA,PG,25,74,188,33,63,66,58.84401142460671,,10510,1,1,2025,53,59,55,63,54,70,86,76,57,61,67,66,48,67,69,27.95,17.42985109884473,23.097996882306447,1.7036421501515715,0.9695313318155421,-2.794500560894377,-1.3503532310853639
1732,Brodric Thomas,-1,FA,SG,28,77,195.6,40,36,37,35.0423215786189,,2720,1,1,2025,45,50,38,28,21,45,49,49,50,42,37,45,36,44,12,3.43,4.82828487252764,16.98714922338608,-4.8905299641907085,-2.0875855768946323,11.50041573518564,14.375361790320225
1733,Cam Thomas,16,POR,SG,24,76,193,41,59,65,54.75311253015887,,12510,1,1,2025,56,68,60,62,50,78,70,73,50,68,38,48,36,47,82,24.6,13.267301561344148,21.669043658373408,-0.5572626150766373,-1.7919447514506217,-4.988174051844074,-5.864759920020186
1734,Khyri Thomas,-1,FA,SG,29,75,190.5,44,47,47,44.62303686636147,,3150,1,1,2025,58,52,52,34,38,51,56,57,60,42,41,45,37,40,0,0,0,0,0,0,0,0
1738,Ethan Thompson,-1,FA,SG,26,77,195.6,40,38,43,36.7377039860809,,2510,1,1,2025,45,49,49,30,40,43,55,57,45,36,39,35,53,54,0,0,0,0,0,0,0,0
1746,John Tonje,-1,FA,SG,24,77,195.6,42,39,48,37.995646487950395,,1440,1,1,2025,37,55,40,33,38,61,69,55,58,47,29,37,35,44,0,0,0,0,0,0,0,0
1748,Nikola Topić,22,DAL,PG,20,78,198.1,41,48,66,45.6236843443861,,7300,1,1,2025,46,66,43,44,53,71,67,68,45,36,29,68,60,59,0,0,0,0,-7.115169775147626,-2.41159808786081,0,0.575198962982094
1752,Nolan Traoré,19,SA,PG,19,75,190.5,45,40,69,38.87674870106186,,8050,1,1,2025,25,62,51,29,39,51,41,58,34,47,32,50,51,39,0,0,0,0,0,0,0,0
1753,Luke Travers,-1,FA,SG,24,80,203.2,48,40,48,38.51341735584369,,2790,1,1,2025,55,43,31,46,52,58,59,46,39,33,44,37,38,63,5,3.22,9.133011565971033,15.16741908440033,-1.778714537693781,-2.213125177883433,-41.302642197262415,-45.71389013289613
1755,Allonzo Trier,-1,FA,SG,29,76,193,41,69,69,63.14942001436965,"3,Po,Ps,V",23360,1,1,2025,81,62,58,63,80,76,66,60,64,64,58,68,64,66,71,36.16,17.290672498771553,27.259661063076493,1.9835898071304996,-0.016262264135278315,2.204355540234981,8.372581005850813
1759,Jaylon Tyson,11,HOU,SG,23,78,198.1,48,41,53,39.558355770719196,,5140,1,1,2025,32,48,43,33,27,37,49,73,48,48,41,36,45,61,30,5.55,11.559144081486313,13.791992116609634,-1.8743093947695373,-0.3469415077815885,5.687614768673571,11.985868301535914
1773,Lonnie Walker IV,-1,FA,SG,27,76,193,44,44,47,41.96284567327029,,3150,1,1,2025,51,49,49,35,36,46,49,41,39,41,50,47,43,42,21,3.29,4.770702471817193,12.556176135235878,-6.206306876387173,-0.3392939017356671,-6.189917686129235,-10.6001685605557
1775,Cason Wallace,10,OKC,SG,22,76,193,42,59,71,53.93731281997597,3,7380,1,1,2025,42,68,74,68,27,14,53,71,72,58,52,44,43,55,61,20.2,10.617233358442201,14.652267814488775,-2.3914015517845346,-1.124280723873289,1.7030645722538889,2.634625977782575
1776,Keaton Wallace,7,ATL,PG,26,75,190.5,37,55,59,51.56245102529438,,1930,1,1,2025,42,66,59,35,59,71,52,52,59,43,56,52,54,63,69,8.2,9.788904074049874,21.12513506448992,-3.9706961660376736,-1.6024648237978907,-0.3366348163883456,0.5110775938000158
1778,Ja'Kobe Walter,17,UTA,SG,21,77,195.6,46,38,60,36.75202874374581,,4220,0.75,1,2025,26,53,54,28,30,43,47,67,44,55,31,37,36,48,57,6.09,3.8607748199115273,13.118443982824633,-5.596107898385247,-2.5595647036768323,-16.732912876049323,-25.716733957528305
1779,Brad Wanamaker,23,NOL,PG,36,75,190.5,36,53,53,51.153524277795036,Ps,3310,1,1,2025,50,40,27,25,44,44,64,59,57,60,51,73,76,54,72,13.59,15.901794519473427,15.647873340341086,1.7736867203208355,1.0135987624944214,-4.330218467369985,-5.55468834377345
1782,Duane Washington Jr.,-1,FA,G,25,75,190.5,30,42,48,40.399248973893215,3,2590,1,1,2025,47,40,46,31,49,66,55,56,62,50,38,58,45,47,54,3.64,8.192636088208667,18.649868654790627,-4.007897065252312,-2.022508765421291,-8.640089367946198,-8.326078148098649
1784,TyTy Washington Jr.,4,LAL,PG,24,75,190.5,36,62,66,56.66859143610888,,3470,1,1,2025,41,64,61,100,57,52,57,79,55,75,43,58,50,51,70,26.96,16.605119698721353,23.795669219719187,1.5483621278830864,-0.07873145950579818,-3.743736658806886,-7.1888142978461405
1787,Tremont Waters,-1,FA,PG,27,70,177.8,18,49,49,46.763889857996645,,2940,1,1,2025,25,65,53,22,36,56,63,61,43,57,59,67,60,41,76,7.74,12.509509461789133,16.785059241735826,-1.6812026662782888,0.36059689811751783,-5.772398173699499,-3.0278291184830173
1789,Jamir Watkins,-1,FA,SG,24,79,200.7,47,39,47,37.995646487950395,,1440,1,1,2025,32,52,55,27,42,56,52,47,37,39,42,40,40,54,0,0,0,0,0,0,0,0
1797,Blake Wesley,20,DEN,SG,22,77,195.6,43,45,60,42.95170609780905,,3470,1,1,2025,27,54,57,76,30,48,43,52,40,36,42,55,46,42,26,7.05,6.639793976187536,14.875470223528493,-5.595238111643081,-2.058914786782098,-25.202741918891864,-22.756640896288634
1799,Coby White,7,ATL,G,25,77,195.6,40,58,60,53.89083034179258,3,2440,1,1,2025,48,60,54,54,57,71,61,64,61,64,42,62,41,56,82,25.39,12.839538805015032,21.072680538975277,-0.9406973643162067,-2.0365792102165745,-0.41168960308343927,0.7696522007672133
1805,Aaron Wiggins,18,BKN,SG,26,78,198.1,41,54,57,50.44293572325221,,4300,1,1,2025,57,58,53,51,59,65,51,49,51,49,47,43,45,66,50,7.98,8.642936944731073,17.89115893539758,-3.597179698032467,-1.2546975761053192,-4.521905068746992,-10.735218442357784
1809,Brandon Williams,20,DEN,PG,26,73,185.4,29,52,55,49.893411855499856,,1360,1,1,2025,39,59,52,50,48,66,43,59,58,53,45,56,56,60,69,8.58,18.228069792094328,22.282214073868808,3.6322978816070925,0.14553793942542725,-0.6434295279321445,3.3579672971665597
1810,Cody Williams,10,OKC,SG,21,79,200.7,50,38,56,36.69962247428931,,5760,1,1,2025,20,54,56,44,35,35,39,45,33,53,31,40,38,44,24,4.08,1.8306965880234405,15.273107191580218,-8.687735614901367,-3.2925176447887523,-3.8971292419483463,-3.884734091387413
1811,Donovan Williams,-1,FA,SG,24,78,198.1,44,31,40,30.45886656548006,,2430,1,1,2025,36,51,48,36,23,47,22,34,41,26,33,30,41,42,0,0,0,0,-5.2192123031981765,-3.4424789371699642,0,2.09911489162933
1823,Vince Williams Jr.,6,PHI,SG,25,76,193,44,51,55,47.94403191300533,,3320,1,1,2025,59,55,57,40,42,67,65,51,55,43,36,48,54,65,58,4.81,4.292461227944029,15.660019574337293,-5.202600780800109,-2.8642999069348978,-5.607123985803669,-13.509050371780106
1828,Cassius Winston,21,IND,PG,27,73,185.4,26,59,60,57.40963600275747,"3,B,Ps,V",12890,1,1,2025,35,62,47,57,37,81,78,76,70,71,34,86,75,26,71,27.95,20.53201489608488,24.969941031316335,4.988131011941294,-0.8239787747009037,0.02397967956397449,1.9930378814010816
1831,Isaiah Wong,-1,FA,SG,24,76,193,36,43,52,41.16347232786397,,2610,1,1,2025,37,60,56,36,34,61,68,55,57,42,35,51,42,50,4,2.39,0,18.637891268056894,-7.238263665827281,-0.5825603651674811,-4.957112040170318,-4.392531573482765
1838,Chris Youngblood,16,POR,SG,23,76,193,40,38,50,37.11454427483892,,1300,1,1,2025,38,51,42,42,32,54,53,51,54,42,33,41,36,51,0,0,0,0,0,0,0,0
1839,Jahmir Young,-1,FA,PG,25,74,188,37,34,40,33.16683912833558,,2090,1,1,2025,31,44,51,32,31,52,59,46,44,41,35,45,43,32,0,0,0,0,0,0,0,0
1840,Trae Young,15,CLE,PG,27,73,185.4,31,73,75,68.00751966758128,"A,B,Dp,Po,Ps,V",41200,1,1,2025,85,73,68,75,80,79,66,65,54,67,56,87,96,69,78,38.66,24.177094476671112,26.654344761282914,6.5744795251160975,2.3804693001482073,1.7983597823910065,10.671808165688738