variant,pool,currentTier,candidateTier,count,percentageOfCurrentTier,percentageOfCurrentTierText,moveDirection,moveSteps,focusTransition
A,all_active,SUPERSTAR_MAX,SUPERSTAR_MAX,3,1,100.0%,same,0,no
A,all_active,STAR_NEAR_MAX,STAR_NEAR_MAX,19,1,100.0%,same,0,no
A,all_active,YOUNG_PROVEN_STARTER,YOUNG_PROVEN_STARTER,24,1,100.0%,same,0,no
A,all_active,LOW_END_STARTER,SOLID_STARTER,19,0.301587,30.2%,up,1,yes
A,all_active,LOW_END_STARTER,LOW_END_STARTER,44,0.698413,69.8%,same,0,no
A,all_active,SPECIALIST_ROTATION,SPECIALIST_ROTATION,9,1,100.0%,same,0,no
A,all_active,YOUNG_UPSIDE_SUSPECT,YOUNG_UPSIDE_SUSPECT,26,1,100.0%,same,0,no
A,all_active,VETERAN_ROTATION_GUARD,VETERAN_ROTATION_GUARD,14,1,100.0%,same,0,no
A,all_active,LOW_ROTATION_PLUS,LOW_ROTATION_PLUS,10,1,100.0%,same,0,no
A,all_active,VETERAN_MINIMUM_PLUS,VETERAN_MINIMUM_PLUS,6,1,100.0%,same,0,no
A,all_active,MINIMUM_LEVEL,MINIMUM_LEVEL,460,1,100.0%,same,0,no
A,rostered_active,SUPERSTAR_MAX,SUPERSTAR_MAX,3,1,100.0%,same,0,no
A,rostered_active,STAR_NEAR_MAX,STAR_NEAR_MAX,17,1,100.0%,same,0,no
A,rostered_active,YOUNG_PROVEN_STARTER,YOUNG_PROVEN_STARTER,24,1,100.0%,same,0,no
A,rostered_active,LOW_END_STARTER,SOLID_STARTER,17,0.293103,29.3%,up,1,yes
A,rostered_active,LOW_END_STARTER,LOW_END_STARTER,41,0.706897,70.7%,same,0,no
A,rostered_active,SPECIALIST_ROTATION,SPECIALIST_ROTATION,7,1,100.0%,same,0,no
A,rostered_active,YOUNG_UPSIDE_SUSPECT,YOUNG_UPSIDE_SUSPECT,26,1,100.0%,same,0,no
A,rostered_active,VETERAN_ROTATION_GUARD,VETERAN_ROTATION_GUARD,13,1,100.0%,same,0,no
A,rostered_active,LOW_ROTATION_PLUS,LOW_ROTATION_PLUS,9,1,100.0%,same,0,no
A,rostered_active,VETERAN_MINIMUM_PLUS,VETERAN_MINIMUM_PLUS,5,1,100.0%,same,0,no
A,rostered_active,MINIMUM_LEVEL,MINIMUM_LEVEL,298,1,100.0%,same,0,no
A,top15_roster_proxy,SUPERSTAR_MAX,SUPERSTAR_MAX,3,1,100.0%,same,0,no
A,top15_roster_proxy,STAR_NEAR_MAX,STAR_NEAR_MAX,17,1,100.0%,same,0,no
A,top15_roster_proxy,YOUNG_PROVEN_STARTER,YOUNG_PROVEN_STARTER,24,1,100.0%,same,0,no
A,top15_roster_proxy,LOW_END_STARTER,SOLID_STARTER,17,0.293103,29.3%,up,1,yes
A,top15_roster_proxy,LOW_END_STARTER,LOW_END_STARTER,41,0.706897,70.7%,same,0,no
A,top15_roster_proxy,SPECIALIST_ROTATION,SPECIALIST_ROTATION,7,1,100.0%,same,0,no
A,top15_roster_proxy,YOUNG_UPSIDE_SUSPECT,YOUNG_UPSIDE_SUSPECT,25,1,100.0%,same,0,no
A,top15_roster_proxy,VETERAN_ROTATION_GUARD,VETERAN_ROTATION_GUARD,13,1,100.0%,same,0,no
A,top15_roster_proxy,LOW_ROTATION_PLUS,LOW_ROTATION_PLUS,9,1,100.0%,same,0,no
A,top15_roster_proxy,VETERAN_MINIMUM_PLUS,VETERAN_MINIMUM_PLUS,5,1,100.0%,same,0,no
A,top15_roster_proxy,MINIMUM_LEVEL,MINIMUM_LEVEL,270,1,100.0%,same,0,no
A,contract_relevant,STAR_NEAR_MAX,STAR_NEAR_MAX,5,1,100.0%,same,0,no
A,contract_relevant,YOUNG_PROVEN_STARTER,YOUNG_PROVEN_STARTER,7,1,100.0%,same,0,no
A,contract_relevant,LOW_END_STARTER,SOLID_STARTER,5,0.277778,27.8%,up,1,yes
A,contract_relevant,LOW_END_STARTER,LOW_END_STARTER,13,0.722222,72.2%,same,0,no
A,contract_relevant,SPECIALIST_ROTATION,SPECIALIST_ROTATION,6,1,100.0%,same,0,no
A,contract_relevant,YOUNG_UPSIDE_SUSPECT,YOUNG_UPSIDE_SUSPECT,5,1,100.0%,same,0,no
A,contract_relevant,VETERAN_ROTATION_GUARD,VETERAN_ROTATION_GUARD,5,1,100.0%,same,0,no
A,contract_relevant,LOW_ROTATION_PLUS,LOW_ROTATION_PLUS,3,1,100.0%,same,0,no
A,contract_relevant,VETERAN_MINIMUM_PLUS,VETERAN_MINIMUM_PLUS,3,1,100.0%,same,0,no
A,contract_relevant,MINIMUM_LEVEL,MINIMUM_LEVEL,270,1,100.0%,same,0,no
B,all_active,SUPERSTAR_MAX,SUPERSTAR_MAX,3,1,100.0%,same,0,no
B,all_active,STAR_NEAR_MAX,STAR_NEAR_MAX,19,1,100.0%,same,0,no
B,all_active,YOUNG_PROVEN_STARTER,YOUNG_PROVEN_STARTER,24,1,100.0%,same,0,no
B,all_active,LOW_END_STARTER,SOLID_STARTER,17,0.269841,27.0%,up,1,yes
B,all_active,LOW_END_STARTER,LOW_END_STARTER,46,0.730159,73.0%,same,0,no
B,all_active,SPECIALIST_ROTATION,SPECIALIST_ROTATION,9,1,100.0%,same,0,no
B,all_active,YOUNG_UPSIDE_SUSPECT,YOUNG_UPSIDE_SUSPECT,26,1,100.0%,same,0,no
B,all_active,VETERAN_ROTATION_GUARD,VETERAN_ROTATION_GUARD,14,1,100.0%,same,0,no
B,all_active,LOW_ROTATION_PLUS,LOW_ROTATION_PLUS,10,1,100.0%,same,0,no
B,all_active,VETERAN_MINIMUM_PLUS,VETERAN_MINIMUM_PLUS,6,1,100.0%,same,0,no
B,all_active,MINIMUM_LEVEL,MINIMUM_LEVEL,460,1,100.0%,same,0,no
B,rostered_active,SUPERSTAR_MAX,SUPERSTAR_MAX,3,1,100.0%,same,0,no
B,rostered_active,STAR_NEAR_MAX,STAR_NEAR_MAX,17,1,100.0%,same,0,no
B,rostered_active,YOUNG_PROVEN_STARTER,YOUNG_PROVEN_STARTER,24,1,100.0%,same,0,no
B,rostered_active,LOW_END_STARTER,SOLID_STARTER,15,0.258621,25.9%,up,1,yes
B,rostered_active,LOW_END_STARTER,LOW_END_STARTER,43,0.741379,74.1%,same,0,no
B,rostered_active,SPECIALIST_ROTATION,SPECIALIST_ROTATION,7,1,100.0%,same,0,no
B,rostered_active,YOUNG_UPSIDE_SUSPECT,YOUNG_UPSIDE_SUSPECT,26,1,100.0%,same,0,no
B,rostered_active,VETERAN_ROTATION_GUARD,VETERAN_ROTATION_GUARD,13,1,100.0%,same,0,no
B,rostered_active,LOW_ROTATION_PLUS,LOW_ROTATION_PLUS,9,1,100.0%,same,0,no
B,rostered_active,VETERAN_MINIMUM_PLUS,VETERAN_MINIMUM_PLUS,5,1,100.0%,same,0,no
B,rostered_active,MINIMUM_LEVEL,MINIMUM_LEVEL,298,1,100.0%,same,0,no
B,top15_roster_proxy,SUPERSTAR_MAX,SUPERSTAR_MAX,3,1,100.0%,same,0,no
B,top15_roster_proxy,STAR_NEAR_MAX,STAR_NEAR_MAX,17,1,100.0%,same,0,no
B,top15_roster_proxy,YOUNG_PROVEN_STARTER,YOUNG_PROVEN_STARTER,24,1,100.0%,same,0,no
B,top15_roster_proxy,LOW_END_STARTER,SOLID_STARTER,15,0.258621,25.9%,up,1,yes
B,top15_roster_proxy,LOW_END_STARTER,LOW_END_STARTER,43,0.741379,74.1%,same,0,no
B,top15_roster_proxy,SPECIALIST_ROTATION,SPECIALIST_ROTATION,7,1,100.0%,same,0,no
B,top15_roster_proxy,YOUNG_UPSIDE_SUSPECT,YOUNG_UPSIDE_SUSPECT,25,1,100.0%,same,0,no
B,top15_roster_proxy,VETERAN_ROTATION_GUARD,VETERAN_ROTATION_GUARD,13,1,100.0%,same,0,no
B,top15_roster_proxy,LOW_ROTATION_PLUS,LOW_ROTATION_PLUS,9,1,100.0%,same,0,no
B,top15_roster_proxy,VETERAN_MINIMUM_PLUS,VETERAN_MINIMUM_PLUS,5,1,100.0%,same,0,no
B,top15_roster_proxy,MINIMUM_LEVEL,MINIMUM_LEVEL,270,1,100.0%,same,0,no
B,contract_relevant,STAR_NEAR_MAX,STAR_NEAR_MAX,5,1,100.0%,same,0,no
B,contract_relevant,YOUNG_PROVEN_STARTER,YOUNG_PROVEN_STARTER,7,1,100.0%,same,0,no
B,contract_relevant,LOW_END_STARTER,SOLID_STARTER,5,0.277778,27.8%,up,1,yes
B,contract_relevant,LOW_END_STARTER,LOW_END_STARTER,13,0.722222,72.2%,same,0,no
B,contract_relevant,SPECIALIST_ROTATION,SPECIALIST_ROTATION,6,1,100.0%,same,0,no
B,contract_relevant,YOUNG_UPSIDE_SUSPECT,YOUNG_UPSIDE_SUSPECT,5,1,100.0%,same,0,no
B,contract_relevant,VETERAN_ROTATION_GUARD,VETERAN_ROTATION_GUARD,5,1,100.0%,same,0,no
B,contract_relevant,LOW_ROTATION_PLUS,LOW_ROTATION_PLUS,3,1,100.0%,same,0,no
B,contract_relevant,VETERAN_MINIMUM_PLUS,VETERAN_MINIMUM_PLUS,3,1,100.0%,same,0,no
B,contract_relevant,MINIMUM_LEVEL,MINIMUM_LEVEL,270,1,100.0%,same,0,no
C,all_active,SUPERSTAR_MAX,SUPERSTAR_MAX,3,1,100.0%,same,0,no
C,all_active,STAR_NEAR_MAX,STAR_NEAR_MAX,19,1,100.0%,same,0,no
C,all_active,YOUNG_PROVEN_STARTER,YOUNG_PROVEN_STARTER,24,1,100.0%,same,0,no
C,all_active,LOW_END_STARTER,SOLID_STARTER,10,0.15873,15.9%,up,1,yes
C,all_active,LOW_END_STARTER,LOW_END_STARTER,53,0.84127,84.1%,same,0,no
C,all_active,SPECIALIST_ROTATION,SPECIALIST_ROTATION,9,1,100.0%,same,0,no
C,all_active,YOUNG_UPSIDE_SUSPECT,YOUNG_UPSIDE_SUSPECT,26,1,100.0%,same,0,no
C,all_active,VETERAN_ROTATION_GUARD,VETERAN_ROTATION_GUARD,14,1,100.0%,same,0,no
C,all_active,LOW_ROTATION_PLUS,LOW_ROTATION_PLUS,10,1,100.0%,same,0,no
C,all_active,VETERAN_MINIMUM_PLUS,VETERAN_MINIMUM_PLUS,6,1,100.0%,same,0,no
C,all_active,MINIMUM_LEVEL,MINIMUM_LEVEL,460,1,100.0%,same,0,no
C,rostered_active,SUPERSTAR_MAX,SUPERSTAR_MAX,3,1,100.0%,same,0,no
C,rostered_active,STAR_NEAR_MAX,STAR_NEAR_MAX,17,1,100.0%,same,0,no
C,rostered_active,YOUNG_PROVEN_STARTER,YOUNG_PROVEN_STARTER,24,1,100.0%,same,0,no
C,rostered_active,LOW_END_STARTER,SOLID_STARTER,8,0.137931,13.8%,up,1,yes
C,rostered_active,LOW_END_STARTER,LOW_END_STARTER,50,0.862069,86.2%,same,0,no
C,rostered_active,SPECIALIST_ROTATION,SPECIALIST_ROTATION,7,1,100.0%,same,0,no
C,rostered_active,YOUNG_UPSIDE_SUSPECT,YOUNG_UPSIDE_SUSPECT,26,1,100.0%,same,0,no
C,rostered_active,VETERAN_ROTATION_GUARD,VETERAN_ROTATION_GUARD,13,1,100.0%,same,0,no
C,rostered_active,LOW_ROTATION_PLUS,LOW_ROTATION_PLUS,9,1,100.0%,same,0,no
C,rostered_active,VETERAN_MINIMUM_PLUS,VETERAN_MINIMUM_PLUS,5,1,100.0%,same,0,no
C,rostered_active,MINIMUM_LEVEL,MINIMUM_LEVEL,298,1,100.0%,same,0,no
C,top15_roster_proxy,SUPERSTAR_MAX,SUPERSTAR_MAX,3,1,100.0%,same,0,no
C,top15_roster_proxy,STAR_NEAR_MAX,STAR_NEAR_MAX,17,1,100.0%,same,0,no
C,top15_roster_proxy,YOUNG_PROVEN_STARTER,YOUNG_PROVEN_STARTER,24,1,100.0%,same,0,no
C,top15_roster_proxy,LOW_END_STARTER,SOLID_STARTER,8,0.137931,13.8%,up,1,yes
C,top15_roster_proxy,LOW_END_STARTER,LOW_END_STARTER,50,0.862069,86.2%,same,0,no
C,top15_roster_proxy,SPECIALIST_ROTATION,SPECIALIST_ROTATION,7,1,100.0%,same,0,no
C,top15_roster_proxy,YOUNG_UPSIDE_SUSPECT,YOUNG_UPSIDE_SUSPECT,25,1,100.0%,same,0,no
C,top15_roster_proxy,VETERAN_ROTATION_GUARD,VETERAN_ROTATION_GUARD,13,1,100.0%,same,0,no
C,top15_roster_proxy,LOW_ROTATION_PLUS,LOW_ROTATION_PLUS,9,1,100.0%,same,0,no
C,top15_roster_proxy,VETERAN_MINIMUM_PLUS,VETERAN_MINIMUM_PLUS,5,1,100.0%,same,0,no
C,top15_roster_proxy,MINIMUM_LEVEL,MINIMUM_LEVEL,270,1,100.0%,same,0,no
C,contract_relevant,STAR_NEAR_MAX,STAR_NEAR_MAX,5,1,100.0%,same,0,no
C,contract_relevant,YOUNG_PROVEN_STARTER,YOUNG_PROVEN_STARTER,7,1,100.0%,same,0,no
C,contract_relevant,LOW_END_STARTER,SOLID_STARTER,4,0.222222,22.2%,up,1,yes
C,contract_relevant,LOW_END_STARTER,LOW_END_STARTER,14,0.777778,77.8%,same,0,no
C,contract_relevant,SPECIALIST_ROTATION,SPECIALIST_ROTATION,6,1,100.0%,same,0,no
C,contract_relevant,YOUNG_UPSIDE_SUSPECT,YOUNG_UPSIDE_SUSPECT,5,1,100.0%,same,0,no
C,contract_relevant,VETERAN_ROTATION_GUARD,VETERAN_ROTATION_GUARD,5,1,100.0%,same,0,no
C,contract_relevant,LOW_ROTATION_PLUS,LOW_ROTATION_PLUS,3,1,100.0%,same,0,no
C,contract_relevant,VETERAN_MINIMUM_PLUS,VETERAN_MINIMUM_PLUS,3,1,100.0%,same,0,no
C,contract_relevant,MINIMUM_LEVEL,MINIMUM_LEVEL,270,1,100.0%,same,0,no
