version,scenario,rosterIndex,playerName,pos,ovr,valueNoPot,targetMinutes,avgMinutes,medianMinutes,stdMinutes,p10Minutes,p90Minutes,avgMinusTarget,hitRateAbs2,notes
A_conservative,1_no_target_baseline,0,"FirstName LastName",PG,76,62.54,N/A,35.76,36.37,3.06,31.68,38.73,N/A,N/A,""
A_conservative,1_no_target_baseline,1,"FirstName LastName",SG,73,59.3,N/A,35.85,36.25,2.55,32.85,38.5,N/A,N/A,""
A_conservative,1_no_target_baseline,2,"FirstName LastName",SF,70,56.07,N/A,34.57,35.01,2.77,30.91,37.46,N/A,N/A,""
A_conservative,1_no_target_baseline,3,"FirstName LastName",PF,66,51.75,N/A,33.1,33.65,2.68,29.82,35.75,N/A,N/A,""
A_conservative,1_no_target_baseline,4,"FirstName LastName",C,63,48.51,N/A,30.66,31.03,2.31,27.78,33.36,N/A,N/A,""
A_conservative,1_no_target_baseline,5,"FirstName LastName",G,60,45.27,N/A,25.12,25.11,2.68,21.9,28.82,N/A,N/A,""
A_conservative,1_no_target_baseline,6,"FirstName LastName",F,57,42.04,N/A,21.09,21.24,2.38,17.94,24.09,N/A,N/A,""
A_conservative,1_no_target_baseline,7,"FirstName LastName",FC,54,38.8,N/A,15.12,15.17,3.3,11.09,19.23,N/A,N/A,""
A_conservative,1_no_target_baseline,8,"FirstName LastName",GF,50,34.48,N/A,7.96,7.57,3.96,3.16,13.72,N/A,N/A,""
A_conservative,1_no_target_baseline,9,"FirstName LastName",C,47,31.24,N/A,1.63,0.17,2.42,0,5.81,N/A,N/A,""
A_conservative,2_sub_6th_target_26,0,"FirstName LastName",PG,76,62.54,N/A,36.19,36.71,3.18,32.63,38.88,N/A,N/A,""
A_conservative,2_sub_6th_target_26,1,"FirstName LastName",SG,73,59.3,N/A,36.37,36.86,2.39,33.36,38.84,N/A,N/A,""
A_conservative,2_sub_6th_target_26,2,"FirstName LastName",SF,70,56.07,N/A,34.77,35.03,2.41,31.72,37.33,N/A,N/A,""
A_conservative,2_sub_6th_target_26,3,"FirstName LastName",PF,66,51.75,N/A,32.89,32.93,2.52,29.9,35.57,N/A,N/A,""
A_conservative,2_sub_6th_target_26,4,"FirstName LastName",C,63,48.51,N/A,30.88,31.16,2.52,27.86,33.43,N/A,N/A,""
A_conservative,2_sub_6th_target_26,5,"FirstName LastName",G,60,45.27,26,28.08,28.11,2.36,25.63,31.07,2.08,43,""
A_conservative,2_sub_6th_target_26,6,"FirstName LastName",F,57,42.04,N/A,20.58,20.51,2.71,17.06,23.59,N/A,N/A,""
A_conservative,2_sub_6th_target_26,7,"FirstName LastName",FC,54,38.8,N/A,14.79,14.47,3.47,10.38,19.4,N/A,N/A,""
A_conservative,2_sub_6th_target_26,8,"FirstName LastName",GF,50,34.48,N/A,6.02,5.54,3.65,1.81,11.23,N/A,N/A,""
A_conservative,2_sub_6th_target_26,9,"FirstName LastName",C,47,31.24,N/A,1.31,0,2.07,0,4.76,N/A,N/A,""
A_conservative,3_starter_target_26,0,"FirstName LastName",PG,76,62.54,26,32.64,33,2.55,29.82,35.44,6.64,3,"LARGE_DEVIATION (>4m off)"
A_conservative,3_starter_target_26,1,"FirstName LastName",SG,73,59.3,N/A,36.38,36.74,2.69,33.13,39.32,N/A,N/A,""
A_conservative,3_starter_target_26,2,"FirstName LastName",SF,70,56.07,N/A,35.16,35.5,2.46,32,37.83,N/A,N/A,""
A_conservative,3_starter_target_26,3,"FirstName LastName",PF,66,51.75,N/A,33.34,33.45,2.36,30.3,36.14,N/A,N/A,""
A_conservative,3_starter_target_26,4,"FirstName LastName",C,63,48.51,N/A,31.06,31.3,2.55,28.44,33.66,N/A,N/A,""
A_conservative,3_starter_target_26,5,"FirstName LastName",G,60,45.27,N/A,25.87,25.73,2.14,23.65,28.52,N/A,N/A,""
A_conservative,3_starter_target_26,6,"FirstName LastName",F,57,42.04,N/A,21.48,21.46,2.44,18.26,24.47,N/A,N/A,""
A_conservative,3_starter_target_26,7,"FirstName LastName",FC,54,38.8,N/A,16.45,16.77,3.08,12.28,20.37,N/A,N/A,""
A_conservative,3_starter_target_26,8,"FirstName LastName",GF,50,34.48,N/A,8.25,8.08,3.98,3.25,13.35,N/A,N/A,""
A_conservative,3_starter_target_26,9,"FirstName LastName",C,47,31.24,N/A,1.23,0,2.23,0,4.52,N/A,N/A,""
A_conservative,4_starter_target_36,0,"FirstName LastName",PG,76,62.54,36,36.22,36.67,2.89,32.28,39.13,0.22,56.5,"GOOD_ACCURACY (<=2m off)"
A_conservative,4_starter_target_36,1,"FirstName LastName",SG,73,59.3,N/A,35.86,36.41,2.77,32.51,38.47,N/A,N/A,""
A_conservative,4_starter_target_36,2,"FirstName LastName",SF,70,56.07,N/A,34.74,35.08,2.54,30.91,37.49,N/A,N/A,""
A_conservative,4_starter_target_36,3,"FirstName LastName",PF,66,51.75,N/A,33.14,33.66,2.45,30.07,35.59,N/A,N/A,""
A_conservative,4_starter_target_36,4,"FirstName LastName",C,63,48.51,N/A,30.86,31.15,2.22,27.94,33.3,N/A,N/A,""
A_conservative,4_starter_target_36,5,"FirstName LastName",G,60,45.27,N/A,24.97,25.01,2.72,21.7,28.34,N/A,N/A,""
A_conservative,4_starter_target_36,6,"FirstName LastName",F,57,42.04,N/A,20.84,20.84,2.5,17.63,23.89,N/A,N/A,""
A_conservative,4_starter_target_36,7,"FirstName LastName",FC,54,38.8,N/A,15.17,15.17,3.26,11.03,19.76,N/A,N/A,""
A_conservative,4_starter_target_36,8,"FirstName LastName",GF,50,34.48,N/A,7.58,7.55,3.73,2.87,12.58,N/A,N/A,""
A_conservative,4_starter_target_36,9,"FirstName LastName",C,47,31.24,N/A,1.24,0,2.2,0,4.99,N/A,N/A,""
A_conservative,5_bench_9th_target_12,0,"FirstName LastName",PG,76,62.54,N/A,35.49,36.17,3.22,31.14,38.62,N/A,N/A,""
A_conservative,5_bench_9th_target_12,1,"FirstName LastName",SG,73,59.3,N/A,35.7,36.16,2.84,31.97,38.68,N/A,N/A,""
A_conservative,5_bench_9th_target_12,2,"FirstName LastName",SF,70,56.07,N/A,34.27,34.79,3.04,30.03,37.51,N/A,N/A,""
A_conservative,5_bench_9th_target_12,3,"FirstName LastName",PF,66,51.75,N/A,32.8,33.14,2.88,29.2,35.74,N/A,N/A,""
A_conservative,5_bench_9th_target_12,4,"FirstName LastName",C,63,48.51,N/A,30.58,30.86,2.61,27.21,33.63,N/A,N/A,""
A_conservative,5_bench_9th_target_12,5,"FirstName LastName",G,60,45.27,N/A,25.22,25.32,2.78,22.01,28.65,N/A,N/A,""
A_conservative,5_bench_9th_target_12,6,"FirstName LastName",F,57,42.04,N/A,20.46,20.72,2.56,17.2,23.75,N/A,N/A,""
A_conservative,5_bench_9th_target_12,7,"FirstName LastName",FC,54,38.8,N/A,15.22,15.18,3.13,11.22,19.47,N/A,N/A,""
A_conservative,5_bench_9th_target_12,8,"FirstName LastName",GF,50,34.48,12,10.5,10.32,3.71,5.74,15.43,-1.5,37.5,"GOOD_ACCURACY (<=2m off)"
A_conservative,5_bench_9th_target_12,9,"FirstName LastName",C,47,31.24,N/A,1.52,0,2.35,0,4.96,N/A,N/A,""
A_conservative,6_bench_9th_target_26,0,"FirstName LastName",PG,76,62.54,N/A,35.36,36.08,3.17,31.09,38.42,N/A,N/A,""
A_conservative,6_bench_9th_target_26,1,"FirstName LastName",SG,73,59.3,N/A,35.2,35.63,2.77,31.5,38.44,N/A,N/A,""
A_conservative,6_bench_9th_target_26,2,"FirstName LastName",SF,70,56.07,N/A,34.02,34.62,2.99,29.78,37.13,N/A,N/A,""
A_conservative,6_bench_9th_target_26,3,"FirstName LastName",PF,66,51.75,N/A,32.37,32.75,2.49,28.82,35.35,N/A,N/A,""
A_conservative,6_bench_9th_target_26,4,"FirstName LastName",C,63,48.51,N/A,29.72,30.05,2.56,26.33,32.51,N/A,N/A,""
A_conservative,6_bench_9th_target_26,5,"FirstName LastName",G,60,45.27,N/A,23.6,23.78,2.36,20.4,26.36,N/A,N/A,""
A_conservative,6_bench_9th_target_26,6,"FirstName LastName",F,57,42.04,N/A,19.21,19.24,2.92,15.77,22.84,N/A,N/A,""
A_conservative,6_bench_9th_target_26,7,"FirstName LastName",FC,54,38.8,N/A,13.28,13.06,3.59,8.83,17.7,N/A,N/A,""
A_conservative,6_bench_9th_target_26,8,"FirstName LastName",GF,50,34.48,26,17.66,17.48,3.61,13.06,22.86,-8.34,4,"LARGE_DEVIATION (>4m off)"
A_conservative,6_bench_9th_target_26,9,"FirstName LastName",C,47,31.24,N/A,1.21,0,2.21,0,4.6,N/A,N/A,""
A_conservative,7_starter_target_14,0,"FirstName LastName",PG,76,62.54,14,24.7,24.57,1.9,22.6,26.96,10.7,0,"LARGE_DEVIATION (>4m off)"
A_conservative,7_starter_target_14,1,"FirstName LastName",SG,73,59.3,N/A,36.37,36.71,3,32.73,39.19,N/A,N/A,""
A_conservative,7_starter_target_14,2,"FirstName LastName",SF,70,56.07,N/A,35.17,35.6,2.81,31.73,38.09,N/A,N/A,""
A_conservative,7_starter_target_14,3,"FirstName LastName",PF,66,51.75,N/A,33.56,33.75,2.61,30.44,36.35,N/A,N/A,""
A_conservative,7_starter_target_14,4,"FirstName LastName",C,63,48.51,N/A,31.3,31.88,2.65,27.56,33.88,N/A,N/A,""
A_conservative,7_starter_target_14,5,"FirstName LastName",G,60,45.27,N/A,27.05,27.27,2.82,24.34,30.07,N/A,N/A,""
A_conservative,7_starter_target_14,6,"FirstName LastName",F,57,42.04,N/A,22.11,22.09,2.33,19.27,24.88,N/A,N/A,""
A_conservative,7_starter_target_14,7,"FirstName LastName",FC,54,38.8,N/A,17.58,17.44,3.26,13.62,21.88,N/A,N/A,""
A_conservative,7_starter_target_14,8,"FirstName LastName",GF,50,34.48,N/A,12.17,12.16,3.33,8.28,16.64,N/A,N/A,""
A_conservative,7_starter_target_14,9,"FirstName LastName",C,47,31.24,N/A,2,0.74,2.57,0,5.95,N/A,N/A,""
A_conservative,8_target_0,0,"FirstName LastName",PG,76,62.54,0,12.77,12.53,2.2,10.31,15.68,12.77,0,"Low rotation (~2-7m)"
A_conservative,8_target_0,1,"FirstName LastName",SG,73,59.3,N/A,36.75,37.06,3.08,32.25,39.65,N/A,N/A,""
A_conservative,8_target_0,2,"FirstName LastName",SF,70,56.07,N/A,35.45,35.84,2.74,32.05,38.21,N/A,N/A,""
A_conservative,8_target_0,3,"FirstName LastName",PF,66,51.75,N/A,34.71,35.09,2.49,31.58,37.14,N/A,N/A,""
A_conservative,8_target_0,4,"FirstName LastName",C,63,48.51,N/A,32.37,32.74,2.6,29.29,34.87,N/A,N/A,""
A_conservative,8_target_0,5,"FirstName LastName",G,60,45.27,N/A,28.63,28.68,2.13,25.83,31.22,N/A,N/A,""
A_conservative,8_target_0,6,"FirstName LastName",F,57,42.04,N/A,23.32,23.13,2.09,20.85,26.2,N/A,N/A,""
A_conservative,8_target_0,7,"FirstName LastName",FC,54,38.8,N/A,19.39,19.28,2.69,16.34,22.94,N/A,N/A,""
A_conservative,8_target_0,8,"FirstName LastName",GF,50,34.48,N/A,15.25,15.2,2.54,12.44,18.57,N/A,N/A,""
A_conservative,8_target_0,9,"FirstName LastName",C,47,31.24,N/A,3.11,2.73,2.94,0,7.63,N/A,N/A,""
A_conservative,9_sum_240,0,"FirstName LastName",PG,76,62.54,34,34.79,35.69,3.65,30.6,38.04,0.79,35,"GOOD_ACCURACY (<=2m off)"
A_conservative,9_sum_240,1,"FirstName LastName",SG,73,59.3,34,34.93,35.22,3.01,31.01,38.34,0.93,47,"GOOD_ACCURACY (<=2m off)"
A_conservative,9_sum_240,2,"FirstName LastName",SF,70,56.07,32,33.06,33.44,3,29.17,36.49,1.06,43,"GOOD_ACCURACY (<=2m off)"
A_conservative,9_sum_240,3,"FirstName LastName",PF,66,51.75,32,32.18,32.35,2.64,28.56,35.28,0.18,51.5,"GOOD_ACCURACY (<=2m off)"
A_conservative,9_sum_240,4,"FirstName LastName",C,63,48.51,28,28.27,28.43,2.5,24.87,31.21,0.27,55,"GOOD_ACCURACY (<=2m off)"
A_conservative,9_sum_240,5,"FirstName LastName",G,60,45.27,24,24.77,25.13,2.94,20.47,28.3,0.77,47.5,"GOOD_ACCURACY (<=2m off)"
A_conservative,9_sum_240,6,"FirstName LastName",F,57,42.04,20,18.89,18.63,3.18,14.85,23.04,-1.11,41,"GOOD_ACCURACY (<=2m off)"
A_conservative,9_sum_240,7,"FirstName LastName",FC,54,38.8,20,17.62,17.72,3.47,13.05,22.02,-2.38,36.5,""
A_conservative,9_sum_240,8,"FirstName LastName",GF,50,34.48,16,16.04,15.92,3.4,11.87,20.75,0.04,43,"GOOD_ACCURACY (<=2m off)"
A_conservative,9_sum_240,9,"FirstName LastName",C,47,31.24,0,0.7,0,1.37,0,2.91,0.7,84,"DNP (0m)"
A_conservative,10_sum_low_180,0,"FirstName LastName",PG,76,62.54,18,28.86,28.93,2.77,25.89,31.87,10.86,0,"LARGE_DEVIATION (>4m off)"
A_conservative,10_sum_low_180,1,"FirstName LastName",SG,73,59.3,18,28.28,28.38,1.87,25.92,30.46,10.28,0,"LARGE_DEVIATION (>4m off)"
A_conservative,10_sum_low_180,2,"FirstName LastName",SF,70,56.07,18,26.53,26.48,2.04,24.1,29.06,8.53,0.5,"LARGE_DEVIATION (>4m off)"
A_conservative,10_sum_low_180,3,"FirstName LastName",PF,66,51.75,18,25.3,25.28,1.88,22.9,27.84,7.3,0,"LARGE_DEVIATION (>4m off)"
A_conservative,10_sum_low_180,4,"FirstName LastName",C,63,48.51,18,23.7,23.85,2.11,21.16,26.27,5.7,3.5,"LARGE_DEVIATION (>4m off)"
A_conservative,10_sum_low_180,5,"FirstName LastName",G,60,45.27,18,24.15,23.91,2.26,21.61,27.13,6.15,2,"LARGE_DEVIATION (>4m off)"
A_conservative,10_sum_low_180,6,"FirstName LastName",F,57,42.04,18,22.16,22.13,2.12,19.58,24.89,4.16,11.5,"LARGE_DEVIATION (>4m off)"
A_conservative,10_sum_low_180,7,"FirstName LastName",FC,54,38.8,18,22.13,21.99,2.52,19.36,25.24,4.13,11,"LARGE_DEVIATION (>4m off)"
A_conservative,10_sum_low_180,8,"FirstName LastName",GF,50,34.48,18,23.76,23.73,2.22,21.18,26.83,5.76,2.5,"LARGE_DEVIATION (>4m off)"
A_conservative,10_sum_low_180,9,"FirstName LastName",C,47,31.24,18,16.99,17.11,3.34,12.6,21.22,-1.01,40,"GOOD_ACCURACY (<=2m off)"
A_conservative,11_sum_high_320,0,"FirstName LastName",PG,76,62.54,40,35.01,35.46,3.35,31.07,38.27,-4.99,12.5,"LARGE_DEVIATION (>4m off)"
A_conservative,11_sum_high_320,1,"FirstName LastName",SG,73,59.3,40,35.37,35.59,2.69,31.9,38.12,-4.63,10,"LARGE_DEVIATION (>4m off)"
A_conservative,11_sum_high_320,2,"FirstName LastName",SF,70,56.07,40,34.36,34.55,2.87,30.28,37.69,-5.64,6.5,"LARGE_DEVIATION (>4m off)"
A_conservative,11_sum_high_320,3,"FirstName LastName",PF,66,51.75,40,32.97,33.16,2.94,29.23,36.41,-7.03,5,"LARGE_DEVIATION (>4m off)"
A_conservative,11_sum_high_320,4,"FirstName LastName",C,63,48.51,40,31.96,32.3,2.56,28.32,35.05,-8.04,0,"LARGE_DEVIATION (>4m off)"
A_conservative,11_sum_high_320,5,"FirstName LastName",G,60,45.27,24,21.52,21.36,3.26,17.37,25.47,-2.48,35.5,""
A_conservative,11_sum_high_320,6,"FirstName LastName",F,57,42.04,24,19.34,19.43,2.9,15.39,23.21,-4.66,16,"LARGE_DEVIATION (>4m off)"
A_conservative,11_sum_high_320,7,"FirstName LastName",FC,54,38.8,24,17.67,17.69,3.24,13.39,21.5,-6.33,7.5,"LARGE_DEVIATION (>4m off)"
A_conservative,11_sum_high_320,8,"FirstName LastName",GF,50,34.48,24,10.77,10.47,3.74,6,16.08,-13.23,0,"LARGE_DEVIATION (>4m off)"
A_conservative,11_sum_high_320,9,"FirstName LastName",C,47,31.24,24,2.02,0.6,2.5,0,5.81,-21.98,0,"LARGE_DEVIATION (>4m off)"
A_conservative,12_playoffs_starter_26,0,"FirstName LastName",PG,76,62.54,26,33.56,34.02,2.86,30.63,36.27,7.56,4,"LARGE_DEVIATION (>4m off)"
A_conservative,12_playoffs_starter_26,1,"FirstName LastName",SG,73,59.3,N/A,39.73,40.33,3.17,34.84,42.82,N/A,N/A,""
A_conservative,12_playoffs_starter_26,2,"FirstName LastName",SF,70,56.07,N/A,37.88,38.68,3.25,33.41,41.12,N/A,N/A,""
A_conservative,12_playoffs_starter_26,3,"FirstName LastName",PF,66,51.75,N/A,35.99,36.7,3.22,32.14,38.78,N/A,N/A,""
A_conservative,12_playoffs_starter_26,4,"FirstName LastName",C,63,48.51,N/A,32.67,32.97,3,28.37,35.97,N/A,N/A,""
A_conservative,12_playoffs_starter_26,5,"FirstName LastName",G,60,45.27,N/A,27.4,27.59,3.09,23.72,30.74,N/A,N/A,""
A_conservative,12_playoffs_starter_26,6,"FirstName LastName",F,57,42.04,N/A,19.43,18.76,3.26,15.65,24.06,N/A,N/A,""
A_conservative,12_playoffs_starter_26,7,"FirstName LastName",FC,54,38.8,N/A,10.51,10.25,3.77,5.88,15.04,N/A,N/A,""
A_conservative,12_playoffs_starter_26,8,"FirstName LastName",GF,50,34.48,N/A,3.61,2.77,3.6,0,9.43,N/A,N/A,""
A_conservative,12_playoffs_starter_26,9,"FirstName LastName",C,47,31.24,N/A,1.11,0,2.17,0,4.74,N/A,N/A,""
B_moderate,1_no_target_baseline,0,"FirstName LastName",PG,76,62.54,N/A,35.76,36.37,3.06,31.68,38.73,N/A,N/A,""
B_moderate,1_no_target_baseline,1,"FirstName LastName",SG,73,59.3,N/A,35.85,36.25,2.55,32.85,38.5,N/A,N/A,""
B_moderate,1_no_target_baseline,2,"FirstName LastName",SF,70,56.07,N/A,34.57,35.01,2.77,30.91,37.46,N/A,N/A,""
B_moderate,1_no_target_baseline,3,"FirstName LastName",PF,66,51.75,N/A,33.1,33.65,2.68,29.82,35.75,N/A,N/A,""
B_moderate,1_no_target_baseline,4,"FirstName LastName",C,63,48.51,N/A,30.66,31.03,2.31,27.78,33.36,N/A,N/A,""
B_moderate,1_no_target_baseline,5,"FirstName LastName",G,60,45.27,N/A,25.12,25.11,2.68,21.9,28.82,N/A,N/A,""
B_moderate,1_no_target_baseline,6,"FirstName LastName",F,57,42.04,N/A,21.09,21.24,2.38,17.94,24.09,N/A,N/A,""
B_moderate,1_no_target_baseline,7,"FirstName LastName",FC,54,38.8,N/A,15.12,15.17,3.3,11.09,19.23,N/A,N/A,""
B_moderate,1_no_target_baseline,8,"FirstName LastName",GF,50,34.48,N/A,7.96,7.57,3.96,3.16,13.72,N/A,N/A,""
B_moderate,1_no_target_baseline,9,"FirstName LastName",C,47,31.24,N/A,1.63,0.17,2.42,0,5.81,N/A,N/A,""
B_moderate,2_sub_6th_target_26,0,"FirstName LastName",PG,76,62.54,N/A,36.19,36.71,3.18,32.63,38.88,N/A,N/A,""
B_moderate,2_sub_6th_target_26,1,"FirstName LastName",SG,73,59.3,N/A,36.37,36.86,2.39,33.36,38.84,N/A,N/A,""
B_moderate,2_sub_6th_target_26,2,"FirstName LastName",SF,70,56.07,N/A,34.77,35.03,2.41,31.72,37.33,N/A,N/A,""
B_moderate,2_sub_6th_target_26,3,"FirstName LastName",PF,66,51.75,N/A,32.89,32.93,2.52,29.9,35.57,N/A,N/A,""
B_moderate,2_sub_6th_target_26,4,"FirstName LastName",C,63,48.51,N/A,30.88,31.16,2.52,27.86,33.43,N/A,N/A,""
B_moderate,2_sub_6th_target_26,5,"FirstName LastName",G,60,45.27,26,28.08,28.11,2.36,25.63,31.07,2.08,43,""
B_moderate,2_sub_6th_target_26,6,"FirstName LastName",F,57,42.04,N/A,20.58,20.51,2.71,17.06,23.59,N/A,N/A,""
B_moderate,2_sub_6th_target_26,7,"FirstName LastName",FC,54,38.8,N/A,14.79,14.47,3.47,10.38,19.4,N/A,N/A,""
B_moderate,2_sub_6th_target_26,8,"FirstName LastName",GF,50,34.48,N/A,6.02,5.54,3.65,1.81,11.23,N/A,N/A,""
B_moderate,2_sub_6th_target_26,9,"FirstName LastName",C,47,31.24,N/A,1.31,0,2.07,0,4.76,N/A,N/A,""
B_moderate,3_starter_target_26,0,"FirstName LastName",PG,76,62.54,26,32.64,33,2.55,29.82,35.44,6.64,3,"LARGE_DEVIATION (>4m off)"
B_moderate,3_starter_target_26,1,"FirstName LastName",SG,73,59.3,N/A,36.38,36.74,2.69,33.13,39.32,N/A,N/A,""
B_moderate,3_starter_target_26,2,"FirstName LastName",SF,70,56.07,N/A,35.16,35.5,2.46,32,37.83,N/A,N/A,""
B_moderate,3_starter_target_26,3,"FirstName LastName",PF,66,51.75,N/A,33.34,33.45,2.36,30.3,36.14,N/A,N/A,""
B_moderate,3_starter_target_26,4,"FirstName LastName",C,63,48.51,N/A,31.06,31.3,2.55,28.44,33.66,N/A,N/A,""
B_moderate,3_starter_target_26,5,"FirstName LastName",G,60,45.27,N/A,25.87,25.73,2.14,23.65,28.52,N/A,N/A,""
B_moderate,3_starter_target_26,6,"FirstName LastName",F,57,42.04,N/A,21.48,21.46,2.44,18.26,24.47,N/A,N/A,""
B_moderate,3_starter_target_26,7,"FirstName LastName",FC,54,38.8,N/A,16.45,16.77,3.08,12.28,20.37,N/A,N/A,""
B_moderate,3_starter_target_26,8,"FirstName LastName",GF,50,34.48,N/A,8.25,8.08,3.98,3.25,13.35,N/A,N/A,""
B_moderate,3_starter_target_26,9,"FirstName LastName",C,47,31.24,N/A,1.23,0,2.23,0,4.52,N/A,N/A,""
B_moderate,4_starter_target_36,0,"FirstName LastName",PG,76,62.54,36,36.22,36.67,2.89,32.28,39.13,0.22,56.5,"GOOD_ACCURACY (<=2m off)"
B_moderate,4_starter_target_36,1,"FirstName LastName",SG,73,59.3,N/A,35.86,36.41,2.77,32.51,38.47,N/A,N/A,""
B_moderate,4_starter_target_36,2,"FirstName LastName",SF,70,56.07,N/A,34.74,35.08,2.54,30.91,37.49,N/A,N/A,""
B_moderate,4_starter_target_36,3,"FirstName LastName",PF,66,51.75,N/A,33.14,33.66,2.45,30.07,35.59,N/A,N/A,""
B_moderate,4_starter_target_36,4,"FirstName LastName",C,63,48.51,N/A,30.86,31.15,2.22,27.94,33.3,N/A,N/A,""
B_moderate,4_starter_target_36,5,"FirstName LastName",G,60,45.27,N/A,24.97,25.01,2.72,21.7,28.34,N/A,N/A,""
B_moderate,4_starter_target_36,6,"FirstName LastName",F,57,42.04,N/A,20.84,20.84,2.5,17.63,23.89,N/A,N/A,""
B_moderate,4_starter_target_36,7,"FirstName LastName",FC,54,38.8,N/A,15.17,15.17,3.26,11.03,19.76,N/A,N/A,""
B_moderate,4_starter_target_36,8,"FirstName LastName",GF,50,34.48,N/A,7.58,7.55,3.73,2.87,12.58,N/A,N/A,""
B_moderate,4_starter_target_36,9,"FirstName LastName",C,47,31.24,N/A,1.24,0,2.2,0,4.99,N/A,N/A,""
B_moderate,5_bench_9th_target_12,0,"FirstName LastName",PG,76,62.54,N/A,35.49,36.17,3.22,31.14,38.62,N/A,N/A,""
B_moderate,5_bench_9th_target_12,1,"FirstName LastName",SG,73,59.3,N/A,35.7,36.16,2.84,31.97,38.68,N/A,N/A,""
B_moderate,5_bench_9th_target_12,2,"FirstName LastName",SF,70,56.07,N/A,34.27,34.79,3.04,30.03,37.51,N/A,N/A,""
B_moderate,5_bench_9th_target_12,3,"FirstName LastName",PF,66,51.75,N/A,32.8,33.14,2.88,29.2,35.74,N/A,N/A,""
B_moderate,5_bench_9th_target_12,4,"FirstName LastName",C,63,48.51,N/A,30.58,30.86,2.61,27.21,33.63,N/A,N/A,""
B_moderate,5_bench_9th_target_12,5,"FirstName LastName",G,60,45.27,N/A,25.22,25.32,2.78,22.01,28.65,N/A,N/A,""
B_moderate,5_bench_9th_target_12,6,"FirstName LastName",F,57,42.04,N/A,20.46,20.72,2.56,17.2,23.75,N/A,N/A,""
B_moderate,5_bench_9th_target_12,7,"FirstName LastName",FC,54,38.8,N/A,15.22,15.18,3.13,11.22,19.47,N/A,N/A,""
B_moderate,5_bench_9th_target_12,8,"FirstName LastName",GF,50,34.48,12,10.5,10.32,3.71,5.74,15.43,-1.5,37.5,"GOOD_ACCURACY (<=2m off)"
B_moderate,5_bench_9th_target_12,9,"FirstName LastName",C,47,31.24,N/A,1.52,0,2.35,0,4.96,N/A,N/A,""
B_moderate,6_bench_9th_target_26,0,"FirstName LastName",PG,76,62.54,N/A,34.8,35.29,3.3,30.32,38.15,N/A,N/A,""
B_moderate,6_bench_9th_target_26,1,"FirstName LastName",SG,73,59.3,N/A,35.05,35.58,3.08,30.48,37.98,N/A,N/A,""
B_moderate,6_bench_9th_target_26,2,"FirstName LastName",SF,70,56.07,N/A,33.02,33.53,2.72,29.76,35.84,N/A,N/A,""
B_moderate,6_bench_9th_target_26,3,"FirstName LastName",PF,66,51.75,N/A,31.21,31.55,2.85,27.55,34.61,N/A,N/A,""
B_moderate,6_bench_9th_target_26,4,"FirstName LastName",C,63,48.51,N/A,28.43,28.61,2.88,24.59,32.08,N/A,N/A,""
B_moderate,6_bench_9th_target_26,5,"FirstName LastName",G,60,45.27,N/A,22.42,22.33,2.83,19,26.47,N/A,N/A,""
B_moderate,6_bench_9th_target_26,6,"FirstName LastName",F,57,42.04,N/A,18.09,18.02,3.22,13.95,22.62,N/A,N/A,""
B_moderate,6_bench_9th_target_26,7,"FirstName LastName",FC,54,38.8,N/A,10.39,9.91,3.92,5.7,16.08,N/A,N/A,""
B_moderate,6_bench_9th_target_26,8,"FirstName LastName",GF,50,34.48,26,27.12,27.69,2.71,23.69,30.13,1.12,43,"GOOD_ACCURACY (<=2m off)"
B_moderate,6_bench_9th_target_26,9,"FirstName LastName",C,47,31.24,N/A,0.99,0,1.97,0,4.19,N/A,N/A,""
B_moderate,7_starter_target_14,0,"FirstName LastName",PG,76,62.54,14,23.1,23.02,1.79,21.02,25.66,9.1,0,"LARGE_DEVIATION (>4m off)"
B_moderate,7_starter_target_14,1,"FirstName LastName",SG,73,59.3,N/A,36.49,36.73,2.87,32.95,39.11,N/A,N/A,""
B_moderate,7_starter_target_14,2,"FirstName LastName",SF,70,56.07,N/A,35.04,35.66,2.81,30.97,37.86,N/A,N/A,""
B_moderate,7_starter_target_14,3,"FirstName LastName",PF,66,51.75,N/A,34.02,34.52,2.65,30.8,36.42,N/A,N/A,""
B_moderate,7_starter_target_14,4,"FirstName LastName",C,63,48.51,N/A,31.68,31.98,2.51,28.3,34.4,N/A,N/A,""
B_moderate,7_starter_target_14,5,"FirstName LastName",G,60,45.27,N/A,27.5,27.73,2.1,24.88,29.94,N/A,N/A,""
B_moderate,7_starter_target_14,6,"FirstName LastName",F,57,42.04,N/A,22.16,22.09,2.38,19.15,24.91,N/A,N/A,""
B_moderate,7_starter_target_14,7,"FirstName LastName",FC,54,38.8,N/A,17.38,17.25,3.13,13.52,21.88,N/A,N/A,""
B_moderate,7_starter_target_14,8,"FirstName LastName",GF,50,34.48,N/A,12.68,12.55,3.03,8.66,16.72,N/A,N/A,""
B_moderate,7_starter_target_14,9,"FirstName LastName",C,47,31.24,N/A,1.94,0.35,2.97,0,5.88,N/A,N/A,""
B_moderate,8_target_0,0,"FirstName LastName",PG,76,62.54,0,11.14,10.82,2.35,8.34,14.11,11.14,0,"Low rotation (~2-7m)"
B_moderate,8_target_0,1,"FirstName LastName",SG,73,59.3,N/A,36.69,36.77,2.85,33.3,39.62,N/A,N/A,""
B_moderate,8_target_0,2,"FirstName LastName",SF,70,56.07,N/A,35.65,35.91,2.43,32.32,38.4,N/A,N/A,""
B_moderate,8_target_0,3,"FirstName LastName",PF,66,51.75,N/A,34.32,34.58,2.44,31.41,36.79,N/A,N/A,""
B_moderate,8_target_0,4,"FirstName LastName",C,63,48.51,N/A,32.33,32.59,2.32,29.3,34.91,N/A,N/A,""
B_moderate,8_target_0,5,"FirstName LastName",G,60,45.27,N/A,28.92,28.92,2.35,26.18,31.84,N/A,N/A,""
B_moderate,8_target_0,6,"FirstName LastName",F,57,42.04,N/A,23.56,23.46,2.12,20.95,26.16,N/A,N/A,""
B_moderate,8_target_0,7,"FirstName LastName",FC,54,38.8,N/A,19.47,19.43,2.49,16.42,22.6,N/A,N/A,""
B_moderate,8_target_0,8,"FirstName LastName",GF,50,34.48,N/A,16.18,16.11,2.58,13.27,19.59,N/A,N/A,""
B_moderate,8_target_0,9,"FirstName LastName",C,47,31.24,N/A,3.63,3.29,3.01,0,7.86,N/A,N/A,""
B_moderate,9_sum_240,0,"FirstName LastName",PG,76,62.54,34,34.46,35.11,3.73,30.02,38.04,0.46,37.5,"GOOD_ACCURACY (<=2m off)"
B_moderate,9_sum_240,1,"FirstName LastName",SG,73,59.3,34,34.75,35.06,2.9,30.82,38.02,0.75,41,"GOOD_ACCURACY (<=2m off)"
B_moderate,9_sum_240,2,"FirstName LastName",SF,70,56.07,32,32.99,33.24,2.86,29.14,36.31,0.99,42,"GOOD_ACCURACY (<=2m off)"
B_moderate,9_sum_240,3,"FirstName LastName",PF,66,51.75,32,32.14,32.34,2.48,28.84,35.09,0.14,55,"GOOD_ACCURACY (<=2m off)"
B_moderate,9_sum_240,4,"FirstName LastName",C,63,48.51,28,28.28,28.44,2.45,24.89,31.14,0.28,56.5,"GOOD_ACCURACY (<=2m off)"
B_moderate,9_sum_240,5,"FirstName LastName",G,60,45.27,24,24.71,24.83,2.81,20.84,28.38,0.71,53,"GOOD_ACCURACY (<=2m off)"
B_moderate,9_sum_240,6,"FirstName LastName",F,57,42.04,20,18.88,18.84,3.15,14.92,23.44,-1.12,46,"GOOD_ACCURACY (<=2m off)"
B_moderate,9_sum_240,7,"FirstName LastName",FC,54,38.8,20,17.34,17.25,3.81,12.43,22.36,-2.66,32.5,""
B_moderate,9_sum_240,8,"FirstName LastName",GF,50,34.48,16,16.61,16.76,3.53,12.23,20.82,0.61,44,"GOOD_ACCURACY (<=2m off)"
B_moderate,9_sum_240,9,"FirstName LastName",C,47,31.24,0,0.46,0,1.08,0,2.19,0.46,88.5,"DNP (0m)"
B_moderate,10_sum_low_180,0,"FirstName LastName",PG,76,62.54,18,27.74,27.97,2.18,24.5,30.2,9.74,0,"LARGE_DEVIATION (>4m off)"
B_moderate,10_sum_low_180,1,"FirstName LastName",SG,73,59.3,18,26.56,26.64,2.08,24.3,28.86,8.56,0,"LARGE_DEVIATION (>4m off)"
B_moderate,10_sum_low_180,2,"FirstName LastName",SF,70,56.07,18,25.2,25.16,2.06,22.77,28,7.2,1,"LARGE_DEVIATION (>4m off)"
B_moderate,10_sum_low_180,3,"FirstName LastName",PF,66,51.75,18,24.1,24,2.06,21.68,26.91,6.1,2,"LARGE_DEVIATION (>4m off)"
B_moderate,10_sum_low_180,4,"FirstName LastName",C,63,48.51,18,22.96,22.91,2.14,20.21,25.72,4.96,9,"LARGE_DEVIATION (>4m off)"
B_moderate,10_sum_low_180,5,"FirstName LastName",G,60,45.27,18,23.57,23.54,2.27,20.72,26.32,5.57,5.5,"LARGE_DEVIATION (>4m off)"
B_moderate,10_sum_low_180,6,"FirstName LastName",F,57,42.04,18,21.44,21.75,2.45,18.41,24.16,3.44,21.5,""
B_moderate,10_sum_low_180,7,"FirstName LastName",FC,54,38.8,18,21.2,21.22,2.25,18.01,24.16,3.2,29,""
B_moderate,10_sum_low_180,8,"FirstName LastName",GF,50,34.48,18,24.63,24.62,2.11,22.13,27.3,6.63,2,"LARGE_DEVIATION (>4m off)"
B_moderate,10_sum_low_180,9,"FirstName LastName",C,47,31.24,18,24.21,24.28,2.25,21.41,26.98,6.21,4,"LARGE_DEVIATION (>4m off)"
B_moderate,11_sum_high_320,0,"FirstName LastName",PG,76,62.54,40,34.23,34.85,3.22,30.16,37.49,-5.77,5.5,"LARGE_DEVIATION (>4m off)"
B_moderate,11_sum_high_320,1,"FirstName LastName",SG,73,59.3,40,33.75,34.14,3.14,30.03,37.48,-6.25,6,"LARGE_DEVIATION (>4m off)"
B_moderate,11_sum_high_320,2,"FirstName LastName",SF,70,56.07,40,32.62,32.74,3.26,28.72,36.53,-7.38,4,"LARGE_DEVIATION (>4m off)"
B_moderate,11_sum_high_320,3,"FirstName LastName",PF,66,51.75,40,31.22,31.16,2.97,27.4,35.19,-8.78,1.5,"LARGE_DEVIATION (>4m off)"
B_moderate,11_sum_high_320,4,"FirstName LastName",C,63,48.51,40,29.73,29.63,2.98,26.01,33.09,-10.27,1,"LARGE_DEVIATION (>4m off)"
B_moderate,11_sum_high_320,5,"FirstName LastName",G,60,45.27,24,18.69,18.3,3.29,14.88,23.43,-5.31,15,"LARGE_DEVIATION (>4m off)"
B_moderate,11_sum_high_320,6,"FirstName LastName",F,57,42.04,24,15.48,15.4,3.23,11.63,19.72,-8.52,3.5,"LARGE_DEVIATION (>4m off)"
B_moderate,11_sum_high_320,7,"FirstName LastName",FC,54,38.8,24,13.54,13.23,3.79,8.77,18.66,-10.46,0,"LARGE_DEVIATION (>4m off)"
B_moderate,11_sum_high_320,8,"FirstName LastName",GF,50,34.48,24,21.04,21.04,3.47,17.17,25.94,-2.96,28,""
B_moderate,11_sum_high_320,9,"FirstName LastName",C,47,31.24,24,10.95,10.88,4.05,5.53,16.54,-13.05,0,"LARGE_DEVIATION (>4m off)"
B_moderate,12_playoffs_starter_26,0,"FirstName LastName",PG,76,62.54,26,33.56,34.02,2.86,30.63,36.27,7.56,4,"LARGE_DEVIATION (>4m off)"
B_moderate,12_playoffs_starter_26,1,"FirstName LastName",SG,73,59.3,N/A,39.73,40.33,3.17,34.84,42.82,N/A,N/A,""
B_moderate,12_playoffs_starter_26,2,"FirstName LastName",SF,70,56.07,N/A,37.88,38.68,3.25,33.41,41.12,N/A,N/A,""
B_moderate,12_playoffs_starter_26,3,"FirstName LastName",PF,66,51.75,N/A,35.99,36.7,3.22,32.14,38.78,N/A,N/A,""
B_moderate,12_playoffs_starter_26,4,"FirstName LastName",C,63,48.51,N/A,32.67,32.97,3,28.37,35.97,N/A,N/A,""
B_moderate,12_playoffs_starter_26,5,"FirstName LastName",G,60,45.27,N/A,27.4,27.59,3.09,23.72,30.74,N/A,N/A,""
B_moderate,12_playoffs_starter_26,6,"FirstName LastName",F,57,42.04,N/A,19.43,18.76,3.26,15.65,24.06,N/A,N/A,""
B_moderate,12_playoffs_starter_26,7,"FirstName LastName",FC,54,38.8,N/A,10.51,10.25,3.77,5.88,15.04,N/A,N/A,""
B_moderate,12_playoffs_starter_26,8,"FirstName LastName",GF,50,34.48,N/A,3.61,2.77,3.6,0,9.43,N/A,N/A,""
B_moderate,12_playoffs_starter_26,9,"FirstName LastName",C,47,31.24,N/A,1.11,0,2.17,0,4.74,N/A,N/A,""
E_moderate_plus,1_no_target_baseline,0,"FirstName LastName",PG,76,62.54,N/A,35.76,36.37,3.06,31.68,38.73,N/A,N/A,""
E_moderate_plus,1_no_target_baseline,1,"FirstName LastName",SG,73,59.3,N/A,35.85,36.25,2.55,32.85,38.5,N/A,N/A,""
E_moderate_plus,1_no_target_baseline,2,"FirstName LastName",SF,70,56.07,N/A,34.57,35.01,2.77,30.91,37.46,N/A,N/A,""
E_moderate_plus,1_no_target_baseline,3,"FirstName LastName",PF,66,51.75,N/A,33.1,33.65,2.68,29.82,35.75,N/A,N/A,""
E_moderate_plus,1_no_target_baseline,4,"FirstName LastName",C,63,48.51,N/A,30.66,31.03,2.31,27.78,33.36,N/A,N/A,""
E_moderate_plus,1_no_target_baseline,5,"FirstName LastName",G,60,45.27,N/A,25.12,25.11,2.68,21.9,28.82,N/A,N/A,""
E_moderate_plus,1_no_target_baseline,6,"FirstName LastName",F,57,42.04,N/A,21.09,21.24,2.38,17.94,24.09,N/A,N/A,""
E_moderate_plus,1_no_target_baseline,7,"FirstName LastName",FC,54,38.8,N/A,15.12,15.17,3.3,11.09,19.23,N/A,N/A,""
E_moderate_plus,1_no_target_baseline,8,"FirstName LastName",GF,50,34.48,N/A,7.96,7.57,3.96,3.16,13.72,N/A,N/A,""
E_moderate_plus,1_no_target_baseline,9,"FirstName LastName",C,47,31.24,N/A,1.63,0.17,2.42,0,5.81,N/A,N/A,""
E_moderate_plus,2_sub_6th_target_26,0,"FirstName LastName",PG,76,62.54,N/A,36.19,36.71,3.18,32.63,38.88,N/A,N/A,""
E_moderate_plus,2_sub_6th_target_26,1,"FirstName LastName",SG,73,59.3,N/A,36.37,36.86,2.39,33.36,38.84,N/A,N/A,""
E_moderate_plus,2_sub_6th_target_26,2,"FirstName LastName",SF,70,56.07,N/A,34.77,35.03,2.41,31.72,37.33,N/A,N/A,""
E_moderate_plus,2_sub_6th_target_26,3,"FirstName LastName",PF,66,51.75,N/A,32.89,32.93,2.52,29.9,35.57,N/A,N/A,""
E_moderate_plus,2_sub_6th_target_26,4,"FirstName LastName",C,63,48.51,N/A,30.88,31.16,2.52,27.86,33.43,N/A,N/A,""
E_moderate_plus,2_sub_6th_target_26,5,"FirstName LastName",G,60,45.27,26,28.08,28.11,2.36,25.63,31.07,2.08,43,""
E_moderate_plus,2_sub_6th_target_26,6,"FirstName LastName",F,57,42.04,N/A,20.58,20.51,2.71,17.06,23.59,N/A,N/A,""
E_moderate_plus,2_sub_6th_target_26,7,"FirstName LastName",FC,54,38.8,N/A,14.79,14.47,3.47,10.38,19.4,N/A,N/A,""
E_moderate_plus,2_sub_6th_target_26,8,"FirstName LastName",GF,50,34.48,N/A,6.02,5.54,3.65,1.81,11.23,N/A,N/A,""
E_moderate_plus,2_sub_6th_target_26,9,"FirstName LastName",C,47,31.24,N/A,1.31,0,2.07,0,4.76,N/A,N/A,""
E_moderate_plus,3_starter_target_26,0,"FirstName LastName",PG,76,62.54,26,32.64,33,2.55,29.82,35.44,6.64,3,"LARGE_DEVIATION (>4m off)"
E_moderate_plus,3_starter_target_26,1,"FirstName LastName",SG,73,59.3,N/A,36.38,36.74,2.69,33.13,39.32,N/A,N/A,""
E_moderate_plus,3_starter_target_26,2,"FirstName LastName",SF,70,56.07,N/A,35.16,35.5,2.46,32,37.83,N/A,N/A,""
E_moderate_plus,3_starter_target_26,3,"FirstName LastName",PF,66,51.75,N/A,33.34,33.45,2.36,30.3,36.14,N/A,N/A,""
E_moderate_plus,3_starter_target_26,4,"FirstName LastName",C,63,48.51,N/A,31.06,31.3,2.55,28.44,33.66,N/A,N/A,""
E_moderate_plus,3_starter_target_26,5,"FirstName LastName",G,60,45.27,N/A,25.87,25.73,2.14,23.65,28.52,N/A,N/A,""
E_moderate_plus,3_starter_target_26,6,"FirstName LastName",F,57,42.04,N/A,21.48,21.46,2.44,18.26,24.47,N/A,N/A,""
E_moderate_plus,3_starter_target_26,7,"FirstName LastName",FC,54,38.8,N/A,16.45,16.77,3.08,12.28,20.37,N/A,N/A,""
E_moderate_plus,3_starter_target_26,8,"FirstName LastName",GF,50,34.48,N/A,8.25,8.08,3.98,3.25,13.35,N/A,N/A,""
E_moderate_plus,3_starter_target_26,9,"FirstName LastName",C,47,31.24,N/A,1.23,0,2.23,0,4.52,N/A,N/A,""
E_moderate_plus,4_starter_target_36,0,"FirstName LastName",PG,76,62.54,36,36.22,36.67,2.89,32.28,39.13,0.22,56.5,"GOOD_ACCURACY (<=2m off)"
E_moderate_plus,4_starter_target_36,1,"FirstName LastName",SG,73,59.3,N/A,35.86,36.41,2.77,32.51,38.47,N/A,N/A,""
E_moderate_plus,4_starter_target_36,2,"FirstName LastName",SF,70,56.07,N/A,34.74,35.08,2.54,30.91,37.49,N/A,N/A,""
E_moderate_plus,4_starter_target_36,3,"FirstName LastName",PF,66,51.75,N/A,33.14,33.66,2.45,30.07,35.59,N/A,N/A,""
E_moderate_plus,4_starter_target_36,4,"FirstName LastName",C,63,48.51,N/A,30.86,31.15,2.22,27.94,33.3,N/A,N/A,""
E_moderate_plus,4_starter_target_36,5,"FirstName LastName",G,60,45.27,N/A,24.97,25.01,2.72,21.7,28.34,N/A,N/A,""
E_moderate_plus,4_starter_target_36,6,"FirstName LastName",F,57,42.04,N/A,20.84,20.84,2.5,17.63,23.89,N/A,N/A,""
E_moderate_plus,4_starter_target_36,7,"FirstName LastName",FC,54,38.8,N/A,15.17,15.17,3.26,11.03,19.76,N/A,N/A,""
E_moderate_plus,4_starter_target_36,8,"FirstName LastName",GF,50,34.48,N/A,7.58,7.55,3.73,2.87,12.58,N/A,N/A,""
E_moderate_plus,4_starter_target_36,9,"FirstName LastName",C,47,31.24,N/A,1.24,0,2.2,0,4.99,N/A,N/A,""
E_moderate_plus,5_bench_9th_target_12,0,"FirstName LastName",PG,76,62.54,N/A,35.49,36.17,3.22,31.14,38.62,N/A,N/A,""
E_moderate_plus,5_bench_9th_target_12,1,"FirstName LastName",SG,73,59.3,N/A,35.7,36.16,2.84,31.97,38.68,N/A,N/A,""
E_moderate_plus,5_bench_9th_target_12,2,"FirstName LastName",SF,70,56.07,N/A,34.27,34.79,3.04,30.03,37.51,N/A,N/A,""
E_moderate_plus,5_bench_9th_target_12,3,"FirstName LastName",PF,66,51.75,N/A,32.8,33.14,2.88,29.2,35.74,N/A,N/A,""
E_moderate_plus,5_bench_9th_target_12,4,"FirstName LastName",C,63,48.51,N/A,30.58,30.86,2.61,27.21,33.63,N/A,N/A,""
E_moderate_plus,5_bench_9th_target_12,5,"FirstName LastName",G,60,45.27,N/A,25.22,25.32,2.78,22.01,28.65,N/A,N/A,""
E_moderate_plus,5_bench_9th_target_12,6,"FirstName LastName",F,57,42.04,N/A,20.46,20.72,2.56,17.2,23.75,N/A,N/A,""
E_moderate_plus,5_bench_9th_target_12,7,"FirstName LastName",FC,54,38.8,N/A,15.22,15.18,3.13,11.22,19.47,N/A,N/A,""
E_moderate_plus,5_bench_9th_target_12,8,"FirstName LastName",GF,50,34.48,12,10.5,10.32,3.71,5.74,15.43,-1.5,37.5,"GOOD_ACCURACY (<=2m off)"
E_moderate_plus,5_bench_9th_target_12,9,"FirstName LastName",C,47,31.24,N/A,1.52,0,2.35,0,4.96,N/A,N/A,""
E_moderate_plus,6_bench_9th_target_26,0,"FirstName LastName",PG,76,62.54,N/A,34.95,35.39,3.08,30.63,37.97,N/A,N/A,""
E_moderate_plus,6_bench_9th_target_26,1,"FirstName LastName",SG,73,59.3,N/A,34.7,35.32,2.74,31.03,37.47,N/A,N/A,""
E_moderate_plus,6_bench_9th_target_26,2,"FirstName LastName",SF,70,56.07,N/A,33.28,33.59,2.4,29.99,36,N/A,N/A,""
E_moderate_plus,6_bench_9th_target_26,3,"FirstName LastName",PF,66,51.75,N/A,31.14,31.37,2.57,27.82,34.09,N/A,N/A,""
E_moderate_plus,6_bench_9th_target_26,4,"FirstName LastName",C,63,48.51,N/A,28.33,28.5,2.75,24.61,31.53,N/A,N/A,""
E_moderate_plus,6_bench_9th_target_26,5,"FirstName LastName",G,60,45.27,N/A,22.39,22.35,2.88,18.85,26.49,N/A,N/A,""
E_moderate_plus,6_bench_9th_target_26,6,"FirstName LastName",F,57,42.04,N/A,17.39,17.4,2.99,13.23,21.36,N/A,N/A,""
E_moderate_plus,6_bench_9th_target_26,7,"FirstName LastName",FC,54,38.8,N/A,9.94,9.9,3.67,5.03,14.65,N/A,N/A,""
E_moderate_plus,6_bench_9th_target_26,8,"FirstName LastName",GF,50,34.48,26,28.47,28.64,2.24,25.72,31.16,2.47,37,""
E_moderate_plus,6_bench_9th_target_26,9,"FirstName LastName",C,47,31.24,N/A,0.91,0,1.97,0,4.44,N/A,N/A,""
E_moderate_plus,7_starter_target_14,0,"FirstName LastName",PG,76,62.54,14,21.94,21.86,1.8,19.73,24.24,7.94,0,"LARGE_DEVIATION (>4m off)"
E_moderate_plus,7_starter_target_14,1,"FirstName LastName",SG,73,59.3,N/A,36.38,36.57,2.68,32.85,39.28,N/A,N/A,""
E_moderate_plus,7_starter_target_14,2,"FirstName LastName",SF,70,56.07,N/A,35.18,35.52,2.66,31.82,37.78,N/A,N/A,""
E_moderate_plus,7_starter_target_14,3,"FirstName LastName",PF,66,51.75,N/A,33.95,34.05,2.23,30.76,36.56,N/A,N/A,""
E_moderate_plus,7_starter_target_14,4,"FirstName LastName",C,63,48.51,N/A,31.55,31.79,2.32,28.73,34.15,N/A,N/A,""
E_moderate_plus,7_starter_target_14,5,"FirstName LastName",G,60,45.27,N/A,27.63,27.8,2.18,25.02,30.53,N/A,N/A,""
E_moderate_plus,7_starter_target_14,6,"FirstName LastName",F,57,42.04,N/A,22.06,22.16,2.49,18.45,25.04,N/A,N/A,""
E_moderate_plus,7_starter_target_14,7,"FirstName LastName",FC,54,38.8,N/A,17.67,17.79,2.79,13.76,21.43,N/A,N/A,""
E_moderate_plus,7_starter_target_14,8,"FirstName LastName",GF,50,34.48,N/A,12.81,12.97,3.17,8.66,16.55,N/A,N/A,""
E_moderate_plus,7_starter_target_14,9,"FirstName LastName",C,47,31.24,N/A,2.2,1.01,2.74,0,6.2,N/A,N/A,""
E_moderate_plus,8_target_0,0,"FirstName LastName",PG,76,62.54,0,9.81,9.54,2.41,7.28,13.06,9.81,0,"Low rotation (~2-7m)"
E_moderate_plus,8_target_0,1,"FirstName LastName",SG,73,59.3,N/A,36.93,37.3,2.92,32.73,39.75,N/A,N/A,""
E_moderate_plus,8_target_0,2,"FirstName LastName",SF,70,56.07,N/A,35.8,36.08,2.22,32.68,38.56,N/A,N/A,""
E_moderate_plus,8_target_0,3,"FirstName LastName",PF,66,51.75,N/A,34.5,34.64,2.3,31.9,37.03,N/A,N/A,""
E_moderate_plus,8_target_0,4,"FirstName LastName",C,63,48.51,N/A,32.59,32.94,2.21,29.83,34.99,N/A,N/A,""
E_moderate_plus,8_target_0,5,"FirstName LastName",G,60,45.27,N/A,28.83,28.97,2.09,26.24,31.22,N/A,N/A,""
E_moderate_plus,8_target_0,6,"FirstName LastName",F,57,42.04,N/A,23.59,23.55,2.2,21.04,26.38,N/A,N/A,""
E_moderate_plus,8_target_0,7,"FirstName LastName",FC,54,38.8,N/A,19.5,19.57,2.32,16.57,22.43,N/A,N/A,""
E_moderate_plus,8_target_0,8,"FirstName LastName",GF,50,34.48,N/A,16.38,16.49,2.48,13.62,19.52,N/A,N/A,""
E_moderate_plus,8_target_0,9,"FirstName LastName",C,47,31.24,N/A,3.69,3.28,3.03,0,7.89,N/A,N/A,""
E_moderate_plus,9_sum_240,0,"FirstName LastName",PG,76,62.54,34,34.46,35.11,3.72,30.09,38.04,0.46,37,"GOOD_ACCURACY (<=2m off)"
E_moderate_plus,9_sum_240,1,"FirstName LastName",SG,73,59.3,34,34.75,35.03,2.93,30.78,38.02,0.75,42,"GOOD_ACCURACY (<=2m off)"
E_moderate_plus,9_sum_240,2,"FirstName LastName",SF,70,56.07,32,33.02,33.24,2.83,29.33,36.31,1.02,42.5,"GOOD_ACCURACY (<=2m off)"
E_moderate_plus,9_sum_240,3,"FirstName LastName",PF,66,51.75,32,32.23,32.62,2.51,28.84,35.11,0.23,53,"GOOD_ACCURACY (<=2m off)"
E_moderate_plus,9_sum_240,4,"FirstName LastName",C,63,48.51,28,28.4,28.57,2.47,25.04,31.17,0.4,55.5,"GOOD_ACCURACY (<=2m off)"
E_moderate_plus,9_sum_240,5,"FirstName LastName",G,60,45.27,24,24.74,24.89,2.82,20.84,28.41,0.74,54,"GOOD_ACCURACY (<=2m off)"
E_moderate_plus,9_sum_240,6,"FirstName LastName",F,57,42.04,20,18.88,18.77,3.18,14.92,23.44,-1.12,45.5,"GOOD_ACCURACY (<=2m off)"
E_moderate_plus,9_sum_240,7,"FirstName LastName",FC,54,38.8,20,17.34,17.25,3.79,12.43,22.36,-2.66,33,""
E_moderate_plus,9_sum_240,8,"FirstName LastName",GF,50,34.48,16,16.62,16.75,3.57,12.23,21.12,0.62,45,"GOOD_ACCURACY (<=2m off)"
E_moderate_plus,9_sum_240,9,"FirstName LastName",C,47,31.24,0,0.19,0,0.8,0,0,0.19,95.5,"DNP (0m)"
E_moderate_plus,10_sum_low_180,0,"FirstName LastName",PG,76,62.54,18,27.57,27.57,2.22,24.51,30.26,9.57,0.5,"LARGE_DEVIATION (>4m off)"
E_moderate_plus,10_sum_low_180,1,"FirstName LastName",SG,73,59.3,18,26.59,26.66,2.07,23.9,29,8.59,0,"LARGE_DEVIATION (>4m off)"
E_moderate_plus,10_sum_low_180,2,"FirstName LastName",SF,70,56.07,18,25,25.01,2.04,22.73,27.62,7,0.5,"LARGE_DEVIATION (>4m off)"
E_moderate_plus,10_sum_low_180,3,"FirstName LastName",PF,66,51.75,18,24.2,24.14,2.03,22.15,26.59,6.2,1.5,"LARGE_DEVIATION (>4m off)"
E_moderate_plus,10_sum_low_180,4,"FirstName LastName",C,63,48.51,18,22.89,23.13,2.28,19.76,25.64,4.89,13,"LARGE_DEVIATION (>4m off)"
E_moderate_plus,10_sum_low_180,5,"FirstName LastName",G,60,45.27,18,23.3,23.32,2.33,20.29,26.23,5.3,7,"LARGE_DEVIATION (>4m off)"
E_moderate_plus,10_sum_low_180,6,"FirstName LastName",F,57,42.04,18,21.34,21.28,2.26,18.29,24.05,3.34,26,""
E_moderate_plus,10_sum_low_180,7,"FirstName LastName",FC,54,38.8,18,20.88,21.18,2.55,17.53,23.9,2.88,29.5,""
E_moderate_plus,10_sum_low_180,8,"FirstName LastName",GF,50,34.48,18,24.76,24.68,2.2,22.06,27.31,6.76,3,"LARGE_DEVIATION (>4m off)"
E_moderate_plus,10_sum_low_180,9,"FirstName LastName",C,47,31.24,18,25.11,25.07,2.15,22.64,28.07,7.11,1.5,"LARGE_DEVIATION (>4m off)"
E_moderate_plus,11_sum_high_320,0,"FirstName LastName",PG,76,62.54,40,33.83,34.37,3.31,28.94,37.33,-6.17,3.5,"LARGE_DEVIATION (>4m off)"
E_moderate_plus,11_sum_high_320,1,"FirstName LastName",SG,73,59.3,40,33.53,33.94,2.88,29.7,36.78,-6.47,2,"LARGE_DEVIATION (>4m off)"
E_moderate_plus,11_sum_high_320,2,"FirstName LastName",SF,70,56.07,40,32.54,32.68,2.97,28.14,36.06,-7.46,2,"LARGE_DEVIATION (>4m off)"
E_moderate_plus,11_sum_high_320,3,"FirstName LastName",PF,66,51.75,40,30.66,30.8,3.12,26.57,34.25,-9.34,0.5,"LARGE_DEVIATION (>4m off)"
E_moderate_plus,11_sum_high_320,4,"FirstName LastName",C,63,48.51,40,28.99,29.08,3.12,24.76,33.11,-11.01,0,"LARGE_DEVIATION (>4m off)"
E_moderate_plus,11_sum_high_320,5,"FirstName LastName",G,60,45.27,24,18.46,18.29,3.4,14.26,22.79,-5.54,12,"LARGE_DEVIATION (>4m off)"
E_moderate_plus,11_sum_high_320,6,"FirstName LastName",F,57,42.04,24,14.34,14.55,3.26,9.56,18.41,-9.66,1,"LARGE_DEVIATION (>4m off)"
E_moderate_plus,11_sum_high_320,7,"FirstName LastName",FC,54,38.8,24,12.36,12.09,3.9,7.58,17.37,-11.64,0.5,"LARGE_DEVIATION (>4m off)"
E_moderate_plus,11_sum_high_320,8,"FirstName LastName",GF,50,34.48,24,20.27,20.5,3.5,15.65,24.93,-3.73,27.5,""
E_moderate_plus,11_sum_high_320,9,"FirstName LastName",C,47,31.24,24,15.79,16.15,3.63,11.12,20.36,-8.21,2.5,"LARGE_DEVIATION (>4m off)"
E_moderate_plus,12_playoffs_starter_26,0,"FirstName LastName",PG,76,62.54,26,33.56,34.02,2.86,30.63,36.27,7.56,4,"LARGE_DEVIATION (>4m off)"
E_moderate_plus,12_playoffs_starter_26,1,"FirstName LastName",SG,73,59.3,N/A,39.73,40.33,3.17,34.84,42.82,N/A,N/A,""
E_moderate_plus,12_playoffs_starter_26,2,"FirstName LastName",SF,70,56.07,N/A,37.88,38.68,3.25,33.41,41.12,N/A,N/A,""
E_moderate_plus,12_playoffs_starter_26,3,"FirstName LastName",PF,66,51.75,N/A,35.99,36.7,3.22,32.14,38.78,N/A,N/A,""
E_moderate_plus,12_playoffs_starter_26,4,"FirstName LastName",C,63,48.51,N/A,32.67,32.97,3,28.37,35.97,N/A,N/A,""
E_moderate_plus,12_playoffs_starter_26,5,"FirstName LastName",G,60,45.27,N/A,27.4,27.59,3.09,23.72,30.74,N/A,N/A,""
E_moderate_plus,12_playoffs_starter_26,6,"FirstName LastName",F,57,42.04,N/A,19.43,18.76,3.26,15.65,24.06,N/A,N/A,""
E_moderate_plus,12_playoffs_starter_26,7,"FirstName LastName",FC,54,38.8,N/A,10.51,10.25,3.77,5.88,15.04,N/A,N/A,""
E_moderate_plus,12_playoffs_starter_26,8,"FirstName LastName",GF,50,34.48,N/A,3.61,2.77,3.6,0,9.43,N/A,N/A,""
E_moderate_plus,12_playoffs_starter_26,9,"FirstName LastName",C,47,31.24,N/A,1.11,0,2.17,0,4.74,N/A,N/A,""
C_strong,1_no_target_baseline,0,"FirstName LastName",PG,76,62.54,N/A,35.76,36.37,3.06,31.68,38.73,N/A,N/A,""
C_strong,1_no_target_baseline,1,"FirstName LastName",SG,73,59.3,N/A,35.85,36.25,2.55,32.85,38.5,N/A,N/A,""
C_strong,1_no_target_baseline,2,"FirstName LastName",SF,70,56.07,N/A,34.57,35.01,2.77,30.91,37.46,N/A,N/A,""
C_strong,1_no_target_baseline,3,"FirstName LastName",PF,66,51.75,N/A,33.1,33.65,2.68,29.82,35.75,N/A,N/A,""
C_strong,1_no_target_baseline,4,"FirstName LastName",C,63,48.51,N/A,30.66,31.03,2.31,27.78,33.36,N/A,N/A,""
C_strong,1_no_target_baseline,5,"FirstName LastName",G,60,45.27,N/A,25.12,25.11,2.68,21.9,28.82,N/A,N/A,""
C_strong,1_no_target_baseline,6,"FirstName LastName",F,57,42.04,N/A,21.09,21.24,2.38,17.94,24.09,N/A,N/A,""
C_strong,1_no_target_baseline,7,"FirstName LastName",FC,54,38.8,N/A,15.12,15.17,3.3,11.09,19.23,N/A,N/A,""
C_strong,1_no_target_baseline,8,"FirstName LastName",GF,50,34.48,N/A,7.96,7.57,3.96,3.16,13.72,N/A,N/A,""
C_strong,1_no_target_baseline,9,"FirstName LastName",C,47,31.24,N/A,1.63,0.17,2.42,0,5.81,N/A,N/A,""
C_strong,2_sub_6th_target_26,0,"FirstName LastName",PG,76,62.54,N/A,36.19,36.71,3.18,32.63,38.88,N/A,N/A,""
C_strong,2_sub_6th_target_26,1,"FirstName LastName",SG,73,59.3,N/A,36.37,36.86,2.39,33.36,38.84,N/A,N/A,""
C_strong,2_sub_6th_target_26,2,"FirstName LastName",SF,70,56.07,N/A,34.77,35.03,2.41,31.72,37.33,N/A,N/A,""
C_strong,2_sub_6th_target_26,3,"FirstName LastName",PF,66,51.75,N/A,32.89,32.93,2.52,29.9,35.57,N/A,N/A,""
C_strong,2_sub_6th_target_26,4,"FirstName LastName",C,63,48.51,N/A,30.88,31.16,2.52,27.86,33.43,N/A,N/A,""
C_strong,2_sub_6th_target_26,5,"FirstName LastName",G,60,45.27,26,28.08,28.11,2.36,25.63,31.07,2.08,43,""
C_strong,2_sub_6th_target_26,6,"FirstName LastName",F,57,42.04,N/A,20.58,20.51,2.71,17.06,23.59,N/A,N/A,""
C_strong,2_sub_6th_target_26,7,"FirstName LastName",FC,54,38.8,N/A,14.79,14.47,3.47,10.38,19.4,N/A,N/A,""
C_strong,2_sub_6th_target_26,8,"FirstName LastName",GF,50,34.48,N/A,6.02,5.54,3.65,1.81,11.23,N/A,N/A,""
C_strong,2_sub_6th_target_26,9,"FirstName LastName",C,47,31.24,N/A,1.31,0,2.07,0,4.76,N/A,N/A,""
C_strong,3_starter_target_26,0,"FirstName LastName",PG,76,62.54,26,32.64,33,2.55,29.82,35.44,6.64,3,"LARGE_DEVIATION (>4m off)"
C_strong,3_starter_target_26,1,"FirstName LastName",SG,73,59.3,N/A,36.38,36.74,2.69,33.13,39.32,N/A,N/A,""
C_strong,3_starter_target_26,2,"FirstName LastName",SF,70,56.07,N/A,35.16,35.5,2.46,32,37.83,N/A,N/A,""
C_strong,3_starter_target_26,3,"FirstName LastName",PF,66,51.75,N/A,33.34,33.45,2.36,30.3,36.14,N/A,N/A,""
C_strong,3_starter_target_26,4,"FirstName LastName",C,63,48.51,N/A,31.06,31.3,2.55,28.44,33.66,N/A,N/A,""
C_strong,3_starter_target_26,5,"FirstName LastName",G,60,45.27,N/A,25.87,25.73,2.14,23.65,28.52,N/A,N/A,""
C_strong,3_starter_target_26,6,"FirstName LastName",F,57,42.04,N/A,21.48,21.46,2.44,18.26,24.47,N/A,N/A,""
C_strong,3_starter_target_26,7,"FirstName LastName",FC,54,38.8,N/A,16.45,16.77,3.08,12.28,20.37,N/A,N/A,""
C_strong,3_starter_target_26,8,"FirstName LastName",GF,50,34.48,N/A,8.25,8.08,3.98,3.25,13.35,N/A,N/A,""
C_strong,3_starter_target_26,9,"FirstName LastName",C,47,31.24,N/A,1.23,0,2.23,0,4.52,N/A,N/A,""
C_strong,4_starter_target_36,0,"FirstName LastName",PG,76,62.54,36,36.22,36.67,2.89,32.28,39.13,0.22,56.5,"GOOD_ACCURACY (<=2m off)"
C_strong,4_starter_target_36,1,"FirstName LastName",SG,73,59.3,N/A,35.86,36.41,2.77,32.51,38.47,N/A,N/A,""
C_strong,4_starter_target_36,2,"FirstName LastName",SF,70,56.07,N/A,34.74,35.08,2.54,30.91,37.49,N/A,N/A,""
C_strong,4_starter_target_36,3,"FirstName LastName",PF,66,51.75,N/A,33.14,33.66,2.45,30.07,35.59,N/A,N/A,""
C_strong,4_starter_target_36,4,"FirstName LastName",C,63,48.51,N/A,30.86,31.15,2.22,27.94,33.3,N/A,N/A,""
C_strong,4_starter_target_36,5,"FirstName LastName",G,60,45.27,N/A,24.97,25.01,2.72,21.7,28.34,N/A,N/A,""
C_strong,4_starter_target_36,6,"FirstName LastName",F,57,42.04,N/A,20.84,20.84,2.5,17.63,23.89,N/A,N/A,""
C_strong,4_starter_target_36,7,"FirstName LastName",FC,54,38.8,N/A,15.17,15.17,3.26,11.03,19.76,N/A,N/A,""
C_strong,4_starter_target_36,8,"FirstName LastName",GF,50,34.48,N/A,7.58,7.55,3.73,2.87,12.58,N/A,N/A,""
C_strong,4_starter_target_36,9,"FirstName LastName",C,47,31.24,N/A,1.24,0,2.2,0,4.99,N/A,N/A,""
C_strong,5_bench_9th_target_12,0,"FirstName LastName",PG,76,62.54,N/A,35.49,36.17,3.22,31.14,38.62,N/A,N/A,""
C_strong,5_bench_9th_target_12,1,"FirstName LastName",SG,73,59.3,N/A,35.7,36.16,2.84,31.97,38.68,N/A,N/A,""
C_strong,5_bench_9th_target_12,2,"FirstName LastName",SF,70,56.07,N/A,34.27,34.79,3.04,30.03,37.51,N/A,N/A,""
C_strong,5_bench_9th_target_12,3,"FirstName LastName",PF,66,51.75,N/A,32.8,33.14,2.88,29.2,35.74,N/A,N/A,""
C_strong,5_bench_9th_target_12,4,"FirstName LastName",C,63,48.51,N/A,30.58,30.86,2.61,27.21,33.63,N/A,N/A,""
C_strong,5_bench_9th_target_12,5,"FirstName LastName",G,60,45.27,N/A,25.22,25.32,2.78,22.01,28.65,N/A,N/A,""
C_strong,5_bench_9th_target_12,6,"FirstName LastName",F,57,42.04,N/A,20.46,20.72,2.56,17.2,23.75,N/A,N/A,""
C_strong,5_bench_9th_target_12,7,"FirstName LastName",FC,54,38.8,N/A,15.22,15.18,3.13,11.22,19.47,N/A,N/A,""
C_strong,5_bench_9th_target_12,8,"FirstName LastName",GF,50,34.48,12,10.5,10.32,3.71,5.74,15.43,-1.5,37.5,"GOOD_ACCURACY (<=2m off)"
C_strong,5_bench_9th_target_12,9,"FirstName LastName",C,47,31.24,N/A,1.52,0,2.35,0,4.96,N/A,N/A,""
C_strong,6_bench_9th_target_26,0,"FirstName LastName",PG,76,62.54,N/A,34.95,35.39,3.08,30.63,37.97,N/A,N/A,""
C_strong,6_bench_9th_target_26,1,"FirstName LastName",SG,73,59.3,N/A,34.7,35.32,2.74,31.03,37.47,N/A,N/A,""
C_strong,6_bench_9th_target_26,2,"FirstName LastName",SF,70,56.07,N/A,33.28,33.59,2.4,29.99,36,N/A,N/A,""
C_strong,6_bench_9th_target_26,3,"FirstName LastName",PF,66,51.75,N/A,31.14,31.37,2.57,27.82,34.09,N/A,N/A,""
C_strong,6_bench_9th_target_26,4,"FirstName LastName",C,63,48.51,N/A,28.33,28.5,2.75,24.61,31.53,N/A,N/A,""
C_strong,6_bench_9th_target_26,5,"FirstName LastName",G,60,45.27,N/A,22.39,22.35,2.88,18.85,26.49,N/A,N/A,""
C_strong,6_bench_9th_target_26,6,"FirstName LastName",F,57,42.04,N/A,17.39,17.4,2.99,13.23,21.36,N/A,N/A,""
C_strong,6_bench_9th_target_26,7,"FirstName LastName",FC,54,38.8,N/A,9.94,9.9,3.67,5.03,14.65,N/A,N/A,""
C_strong,6_bench_9th_target_26,8,"FirstName LastName",GF,50,34.48,26,28.47,28.64,2.24,25.72,31.16,2.47,37,""
C_strong,6_bench_9th_target_26,9,"FirstName LastName",C,47,31.24,N/A,0.91,0,1.97,0,4.44,N/A,N/A,""
C_strong,7_starter_target_14,0,"FirstName LastName",PG,76,62.54,14,21.94,21.86,1.8,19.73,24.24,7.94,0,"LARGE_DEVIATION (>4m off)"
C_strong,7_starter_target_14,1,"FirstName LastName",SG,73,59.3,N/A,36.38,36.57,2.68,32.85,39.28,N/A,N/A,""
C_strong,7_starter_target_14,2,"FirstName LastName",SF,70,56.07,N/A,35.18,35.52,2.66,31.82,37.78,N/A,N/A,""
C_strong,7_starter_target_14,3,"FirstName LastName",PF,66,51.75,N/A,33.95,34.05,2.23,30.76,36.56,N/A,N/A,""
C_strong,7_starter_target_14,4,"FirstName LastName",C,63,48.51,N/A,31.55,31.79,2.32,28.73,34.15,N/A,N/A,""
C_strong,7_starter_target_14,5,"FirstName LastName",G,60,45.27,N/A,27.63,27.8,2.18,25.02,30.53,N/A,N/A,""
C_strong,7_starter_target_14,6,"FirstName LastName",F,57,42.04,N/A,22.06,22.16,2.49,18.45,25.04,N/A,N/A,""
C_strong,7_starter_target_14,7,"FirstName LastName",FC,54,38.8,N/A,17.67,17.79,2.79,13.76,21.43,N/A,N/A,""
C_strong,7_starter_target_14,8,"FirstName LastName",GF,50,34.48,N/A,12.81,12.97,3.17,8.66,16.55,N/A,N/A,""
C_strong,7_starter_target_14,9,"FirstName LastName",C,47,31.24,N/A,2.2,1.01,2.74,0,6.2,N/A,N/A,""
C_strong,8_target_0,0,"FirstName LastName",PG,76,62.54,0,8.09,7.5,2.57,5.47,11.67,8.09,0,"Low rotation (~2-7m)"
C_strong,8_target_0,1,"FirstName LastName",SG,73,59.3,N/A,37.01,37.37,2.87,33.21,39.69,N/A,N/A,""
C_strong,8_target_0,2,"FirstName LastName",SF,70,56.07,N/A,35.46,35.81,2.41,32.24,38.26,N/A,N/A,""
C_strong,8_target_0,3,"FirstName LastName",PF,66,51.75,N/A,34.53,34.67,2.25,31.73,37.03,N/A,N/A,""
C_strong,8_target_0,4,"FirstName LastName",C,63,48.51,N/A,32.7,33.01,2.12,29.92,34.9,N/A,N/A,""
C_strong,8_target_0,5,"FirstName LastName",G,60,45.27,N/A,29.19,29.35,2.29,26.64,31.83,N/A,N/A,""
C_strong,8_target_0,6,"FirstName LastName",F,57,42.04,N/A,23.71,23.71,2.02,21.41,26.23,N/A,N/A,""
C_strong,8_target_0,7,"FirstName LastName",FC,54,38.8,N/A,19.89,19.77,2.52,16.77,23.33,N/A,N/A,""
C_strong,8_target_0,8,"FirstName LastName",GF,50,34.48,N/A,16.63,16.5,2.45,13.67,19.82,N/A,N/A,""
C_strong,8_target_0,9,"FirstName LastName",C,47,31.24,N/A,4.16,3.85,3.1,0,8.33,N/A,N/A,""
C_strong,9_sum_240,0,"FirstName LastName",PG,76,62.54,34,34.45,35.11,3.73,30.09,38.04,0.45,36.5,"GOOD_ACCURACY (<=2m off)"
C_strong,9_sum_240,1,"FirstName LastName",SG,73,59.3,34,34.75,35.03,2.93,30.82,38.02,0.75,42,"GOOD_ACCURACY (<=2m off)"
C_strong,9_sum_240,2,"FirstName LastName",SF,70,56.07,32,33.02,33.27,2.86,29.19,36.31,1.02,42,"GOOD_ACCURACY (<=2m off)"
C_strong,9_sum_240,3,"FirstName LastName",PF,66,51.75,32,32.25,32.62,2.52,28.96,35.22,0.25,53,"GOOD_ACCURACY (<=2m off)"
C_strong,9_sum_240,4,"FirstName LastName",C,63,48.51,28,28.44,28.61,2.48,25.09,31.21,0.44,55.5,"GOOD_ACCURACY (<=2m off)"
C_strong,9_sum_240,5,"FirstName LastName",G,60,45.27,24,24.76,24.94,2.83,20.84,28.41,0.76,53.5,"GOOD_ACCURACY (<=2m off)"
C_strong,9_sum_240,6,"FirstName LastName",F,57,42.04,20,18.88,18.8,3.15,14.92,23.03,-1.12,46.5,"GOOD_ACCURACY (<=2m off)"
C_strong,9_sum_240,7,"FirstName LastName",FC,54,38.8,20,17.35,17.25,3.8,12.43,22.36,-2.65,32.5,""
C_strong,9_sum_240,8,"FirstName LastName",GF,50,34.48,16,16.63,16.76,3.57,12.23,21.12,0.63,44.5,"GOOD_ACCURACY (<=2m off)"
C_strong,9_sum_240,9,"FirstName LastName",C,47,31.24,0,0.11,0,0.64,0,0,0.11,97,"DNP (0m)"
C_strong,10_sum_low_180,0,"FirstName LastName",PG,76,62.54,18,27.57,27.57,2.22,24.51,30.26,9.57,0.5,"LARGE_DEVIATION (>4m off)"
C_strong,10_sum_low_180,1,"FirstName LastName",SG,73,59.3,18,26.59,26.66,2.07,23.9,29,8.59,0,"LARGE_DEVIATION (>4m off)"
C_strong,10_sum_low_180,2,"FirstName LastName",SF,70,56.07,18,25,25.01,2.04,22.73,27.62,7,0.5,"LARGE_DEVIATION (>4m off)"
C_strong,10_sum_low_180,3,"FirstName LastName",PF,66,51.75,18,24.2,24.14,2.03,22.15,26.59,6.2,1.5,"LARGE_DEVIATION (>4m off)"
C_strong,10_sum_low_180,4,"FirstName LastName",C,63,48.51,18,22.89,23.13,2.28,19.76,25.64,4.89,13,"LARGE_DEVIATION (>4m off)"
C_strong,10_sum_low_180,5,"FirstName LastName",G,60,45.27,18,23.3,23.32,2.33,20.29,26.23,5.3,7,"LARGE_DEVIATION (>4m off)"
C_strong,10_sum_low_180,6,"FirstName LastName",F,57,42.04,18,21.34,21.28,2.26,18.29,24.05,3.34,26,""
C_strong,10_sum_low_180,7,"FirstName LastName",FC,54,38.8,18,20.88,21.18,2.55,17.53,23.9,2.88,29.5,""
C_strong,10_sum_low_180,8,"FirstName LastName",GF,50,34.48,18,24.76,24.68,2.2,22.06,27.31,6.76,3,"LARGE_DEVIATION (>4m off)"
C_strong,10_sum_low_180,9,"FirstName LastName",C,47,31.24,18,25.11,25.07,2.15,22.64,28.07,7.11,1.5,"LARGE_DEVIATION (>4m off)"
C_strong,11_sum_high_320,0,"FirstName LastName",PG,76,62.54,40,33.48,34.19,3.4,29.5,37.22,-6.52,1.5,"LARGE_DEVIATION (>4m off)"
C_strong,11_sum_high_320,1,"FirstName LastName",SG,73,59.3,40,33.35,33.77,2.9,29.71,36.88,-6.65,3.5,"LARGE_DEVIATION (>4m off)"
C_strong,11_sum_high_320,2,"FirstName LastName",SF,70,56.07,40,31.57,31.69,2.87,28.22,35.28,-8.43,0.5,"LARGE_DEVIATION (>4m off)"
C_strong,11_sum_high_320,3,"FirstName LastName",PF,66,51.75,40,29.82,29.91,2.89,26.33,33.38,-10.18,0.5,"LARGE_DEVIATION (>4m off)"
C_strong,11_sum_high_320,4,"FirstName LastName",C,63,48.51,40,27.74,27.86,2.96,23.78,31.42,-12.26,0,"LARGE_DEVIATION (>4m off)"
C_strong,11_sum_high_320,5,"FirstName LastName",G,60,45.27,24,17.65,17.83,3.35,12.8,22.08,-6.35,10,"LARGE_DEVIATION (>4m off)"
C_strong,11_sum_high_320,6,"FirstName LastName",F,57,42.04,24,13.78,13.59,3.73,8.66,19.23,-10.22,0.5,"LARGE_DEVIATION (>4m off)"
C_strong,11_sum_high_320,7,"FirstName LastName",FC,54,38.8,24,11.02,10.62,3.76,6.36,15.96,-12.98,0.5,"LARGE_DEVIATION (>4m off)"
C_strong,11_sum_high_320,8,"FirstName LastName",GF,50,34.48,24,19.64,19.68,3.46,15.25,24.35,-4.36,17,"LARGE_DEVIATION (>4m off)"
C_strong,11_sum_high_320,9,"FirstName LastName",C,47,31.24,24,22.82,23.01,3.02,18.83,26.31,-1.18,51,"GOOD_ACCURACY (<=2m off)"
C_strong,12_playoffs_starter_26,0,"FirstName LastName",PG,76,62.54,26,33.56,34.02,2.86,30.63,36.27,7.56,4,"LARGE_DEVIATION (>4m off)"
C_strong,12_playoffs_starter_26,1,"FirstName LastName",SG,73,59.3,N/A,39.73,40.33,3.17,34.84,42.82,N/A,N/A,""
C_strong,12_playoffs_starter_26,2,"FirstName LastName",SF,70,56.07,N/A,37.88,38.68,3.25,33.41,41.12,N/A,N/A,""
C_strong,12_playoffs_starter_26,3,"FirstName LastName",PF,66,51.75,N/A,35.99,36.7,3.22,32.14,38.78,N/A,N/A,""
C_strong,12_playoffs_starter_26,4,"FirstName LastName",C,63,48.51,N/A,32.67,32.97,3,28.37,35.97,N/A,N/A,""
C_strong,12_playoffs_starter_26,5,"FirstName LastName",G,60,45.27,N/A,27.4,27.59,3.09,23.72,30.74,N/A,N/A,""
C_strong,12_playoffs_starter_26,6,"FirstName LastName",F,57,42.04,N/A,19.43,18.76,3.26,15.65,24.06,N/A,N/A,""
C_strong,12_playoffs_starter_26,7,"FirstName LastName",FC,54,38.8,N/A,10.51,10.25,3.77,5.88,15.04,N/A,N/A,""
C_strong,12_playoffs_starter_26,8,"FirstName LastName",GF,50,34.48,N/A,3.61,2.77,3.6,0,9.43,N/A,N/A,""
C_strong,12_playoffs_starter_26,9,"FirstName LastName",C,47,31.24,N/A,1.11,0,2.17,0,4.74,N/A,N/A,""
D_uncapped,1_no_target_baseline,0,"FirstName LastName",PG,76,62.54,N/A,35.76,36.37,3.06,31.68,38.73,N/A,N/A,""
D_uncapped,1_no_target_baseline,1,"FirstName LastName",SG,73,59.3,N/A,35.85,36.25,2.55,32.85,38.5,N/A,N/A,""
D_uncapped,1_no_target_baseline,2,"FirstName LastName",SF,70,56.07,N/A,34.57,35.01,2.77,30.91,37.46,N/A,N/A,""
D_uncapped,1_no_target_baseline,3,"FirstName LastName",PF,66,51.75,N/A,33.1,33.65,2.68,29.82,35.75,N/A,N/A,""
D_uncapped,1_no_target_baseline,4,"FirstName LastName",C,63,48.51,N/A,30.66,31.03,2.31,27.78,33.36,N/A,N/A,""
D_uncapped,1_no_target_baseline,5,"FirstName LastName",G,60,45.27,N/A,25.12,25.11,2.68,21.9,28.82,N/A,N/A,""
D_uncapped,1_no_target_baseline,6,"FirstName LastName",F,57,42.04,N/A,21.09,21.24,2.38,17.94,24.09,N/A,N/A,""
D_uncapped,1_no_target_baseline,7,"FirstName LastName",FC,54,38.8,N/A,15.12,15.17,3.3,11.09,19.23,N/A,N/A,""
D_uncapped,1_no_target_baseline,8,"FirstName LastName",GF,50,34.48,N/A,7.96,7.57,3.96,3.16,13.72,N/A,N/A,""
D_uncapped,1_no_target_baseline,9,"FirstName LastName",C,47,31.24,N/A,1.63,0.17,2.42,0,5.81,N/A,N/A,""
D_uncapped,2_sub_6th_target_26,0,"FirstName LastName",PG,76,62.54,N/A,36.19,36.71,3.18,32.63,38.88,N/A,N/A,""
D_uncapped,2_sub_6th_target_26,1,"FirstName LastName",SG,73,59.3,N/A,36.37,36.86,2.39,33.36,38.84,N/A,N/A,""
D_uncapped,2_sub_6th_target_26,2,"FirstName LastName",SF,70,56.07,N/A,34.77,35.03,2.41,31.72,37.33,N/A,N/A,""
D_uncapped,2_sub_6th_target_26,3,"FirstName LastName",PF,66,51.75,N/A,32.89,32.93,2.52,29.9,35.57,N/A,N/A,""
D_uncapped,2_sub_6th_target_26,4,"FirstName LastName",C,63,48.51,N/A,30.88,31.16,2.52,27.86,33.43,N/A,N/A,""
D_uncapped,2_sub_6th_target_26,5,"FirstName LastName",G,60,45.27,26,28.08,28.11,2.36,25.63,31.07,2.08,43,""
D_uncapped,2_sub_6th_target_26,6,"FirstName LastName",F,57,42.04,N/A,20.58,20.51,2.71,17.06,23.59,N/A,N/A,""
D_uncapped,2_sub_6th_target_26,7,"FirstName LastName",FC,54,38.8,N/A,14.79,14.47,3.47,10.38,19.4,N/A,N/A,""
D_uncapped,2_sub_6th_target_26,8,"FirstName LastName",GF,50,34.48,N/A,6.02,5.54,3.65,1.81,11.23,N/A,N/A,""
D_uncapped,2_sub_6th_target_26,9,"FirstName LastName",C,47,31.24,N/A,1.31,0,2.07,0,4.76,N/A,N/A,""
D_uncapped,3_starter_target_26,0,"FirstName LastName",PG,76,62.54,26,32.64,33,2.55,29.82,35.44,6.64,3,"LARGE_DEVIATION (>4m off)"
D_uncapped,3_starter_target_26,1,"FirstName LastName",SG,73,59.3,N/A,36.38,36.74,2.69,33.13,39.32,N/A,N/A,""
D_uncapped,3_starter_target_26,2,"FirstName LastName",SF,70,56.07,N/A,35.16,35.5,2.46,32,37.83,N/A,N/A,""
D_uncapped,3_starter_target_26,3,"FirstName LastName",PF,66,51.75,N/A,33.34,33.45,2.36,30.3,36.14,N/A,N/A,""
D_uncapped,3_starter_target_26,4,"FirstName LastName",C,63,48.51,N/A,31.06,31.3,2.55,28.44,33.66,N/A,N/A,""
D_uncapped,3_starter_target_26,5,"FirstName LastName",G,60,45.27,N/A,25.87,25.73,2.14,23.65,28.52,N/A,N/A,""
D_uncapped,3_starter_target_26,6,"FirstName LastName",F,57,42.04,N/A,21.48,21.46,2.44,18.26,24.47,N/A,N/A,""
D_uncapped,3_starter_target_26,7,"FirstName LastName",FC,54,38.8,N/A,16.45,16.77,3.08,12.28,20.37,N/A,N/A,""
D_uncapped,3_starter_target_26,8,"FirstName LastName",GF,50,34.48,N/A,8.25,8.08,3.98,3.25,13.35,N/A,N/A,""
D_uncapped,3_starter_target_26,9,"FirstName LastName",C,47,31.24,N/A,1.23,0,2.23,0,4.52,N/A,N/A,""
D_uncapped,4_starter_target_36,0,"FirstName LastName",PG,76,62.54,36,36.22,36.67,2.89,32.28,39.13,0.22,56.5,"GOOD_ACCURACY (<=2m off)"
D_uncapped,4_starter_target_36,1,"FirstName LastName",SG,73,59.3,N/A,35.86,36.41,2.77,32.51,38.47,N/A,N/A,""
D_uncapped,4_starter_target_36,2,"FirstName LastName",SF,70,56.07,N/A,34.74,35.08,2.54,30.91,37.49,N/A,N/A,""
D_uncapped,4_starter_target_36,3,"FirstName LastName",PF,66,51.75,N/A,33.14,33.66,2.45,30.07,35.59,N/A,N/A,""
D_uncapped,4_starter_target_36,4,"FirstName LastName",C,63,48.51,N/A,30.86,31.15,2.22,27.94,33.3,N/A,N/A,""
D_uncapped,4_starter_target_36,5,"FirstName LastName",G,60,45.27,N/A,24.97,25.01,2.72,21.7,28.34,N/A,N/A,""
D_uncapped,4_starter_target_36,6,"FirstName LastName",F,57,42.04,N/A,20.84,20.84,2.5,17.63,23.89,N/A,N/A,""
D_uncapped,4_starter_target_36,7,"FirstName LastName",FC,54,38.8,N/A,15.17,15.17,3.26,11.03,19.76,N/A,N/A,""
D_uncapped,4_starter_target_36,8,"FirstName LastName",GF,50,34.48,N/A,7.58,7.55,3.73,2.87,12.58,N/A,N/A,""
D_uncapped,4_starter_target_36,9,"FirstName LastName",C,47,31.24,N/A,1.24,0,2.2,0,4.99,N/A,N/A,""
D_uncapped,5_bench_9th_target_12,0,"FirstName LastName",PG,76,62.54,N/A,35.49,36.17,3.22,31.14,38.62,N/A,N/A,""
D_uncapped,5_bench_9th_target_12,1,"FirstName LastName",SG,73,59.3,N/A,35.7,36.16,2.84,31.97,38.68,N/A,N/A,""
D_uncapped,5_bench_9th_target_12,2,"FirstName LastName",SF,70,56.07,N/A,34.27,34.79,3.04,30.03,37.51,N/A,N/A,""
D_uncapped,5_bench_9th_target_12,3,"FirstName LastName",PF,66,51.75,N/A,32.8,33.14,2.88,29.2,35.74,N/A,N/A,""
D_uncapped,5_bench_9th_target_12,4,"FirstName LastName",C,63,48.51,N/A,30.58,30.86,2.61,27.21,33.63,N/A,N/A,""
D_uncapped,5_bench_9th_target_12,5,"FirstName LastName",G,60,45.27,N/A,25.22,25.32,2.78,22.01,28.65,N/A,N/A,""
D_uncapped,5_bench_9th_target_12,6,"FirstName LastName",F,57,42.04,N/A,20.46,20.72,2.56,17.2,23.75,N/A,N/A,""
D_uncapped,5_bench_9th_target_12,7,"FirstName LastName",FC,54,38.8,N/A,15.22,15.18,3.13,11.22,19.47,N/A,N/A,""
D_uncapped,5_bench_9th_target_12,8,"FirstName LastName",GF,50,34.48,12,10.5,10.32,3.71,5.74,15.43,-1.5,37.5,"GOOD_ACCURACY (<=2m off)"
D_uncapped,5_bench_9th_target_12,9,"FirstName LastName",C,47,31.24,N/A,1.52,0,2.35,0,4.96,N/A,N/A,""
D_uncapped,6_bench_9th_target_26,0,"FirstName LastName",PG,76,62.54,N/A,34.95,35.39,3.08,30.63,37.97,N/A,N/A,""
D_uncapped,6_bench_9th_target_26,1,"FirstName LastName",SG,73,59.3,N/A,34.7,35.32,2.74,31.03,37.47,N/A,N/A,""
D_uncapped,6_bench_9th_target_26,2,"FirstName LastName",SF,70,56.07,N/A,33.28,33.59,2.4,29.99,36,N/A,N/A,""
D_uncapped,6_bench_9th_target_26,3,"FirstName LastName",PF,66,51.75,N/A,31.14,31.37,2.57,27.82,34.09,N/A,N/A,""
D_uncapped,6_bench_9th_target_26,4,"FirstName LastName",C,63,48.51,N/A,28.33,28.5,2.75,24.61,31.53,N/A,N/A,""
D_uncapped,6_bench_9th_target_26,5,"FirstName LastName",G,60,45.27,N/A,22.39,22.35,2.88,18.85,26.49,N/A,N/A,""
D_uncapped,6_bench_9th_target_26,6,"FirstName LastName",F,57,42.04,N/A,17.39,17.4,2.99,13.23,21.36,N/A,N/A,""
D_uncapped,6_bench_9th_target_26,7,"FirstName LastName",FC,54,38.8,N/A,9.94,9.9,3.67,5.03,14.65,N/A,N/A,""
D_uncapped,6_bench_9th_target_26,8,"FirstName LastName",GF,50,34.48,26,28.47,28.64,2.24,25.72,31.16,2.47,37,""
D_uncapped,6_bench_9th_target_26,9,"FirstName LastName",C,47,31.24,N/A,0.91,0,1.97,0,4.44,N/A,N/A,""
D_uncapped,7_starter_target_14,0,"FirstName LastName",PG,76,62.54,14,21.94,21.86,1.8,19.73,24.24,7.94,0,"LARGE_DEVIATION (>4m off)"
D_uncapped,7_starter_target_14,1,"FirstName LastName",SG,73,59.3,N/A,36.38,36.57,2.68,32.85,39.28,N/A,N/A,""
D_uncapped,7_starter_target_14,2,"FirstName LastName",SF,70,56.07,N/A,35.18,35.52,2.66,31.82,37.78,N/A,N/A,""
D_uncapped,7_starter_target_14,3,"FirstName LastName",PF,66,51.75,N/A,33.95,34.05,2.23,30.76,36.56,N/A,N/A,""
D_uncapped,7_starter_target_14,4,"FirstName LastName",C,63,48.51,N/A,31.55,31.79,2.32,28.73,34.15,N/A,N/A,""
D_uncapped,7_starter_target_14,5,"FirstName LastName",G,60,45.27,N/A,27.63,27.8,2.18,25.02,30.53,N/A,N/A,""
D_uncapped,7_starter_target_14,6,"FirstName LastName",F,57,42.04,N/A,22.06,22.16,2.49,18.45,25.04,N/A,N/A,""
D_uncapped,7_starter_target_14,7,"FirstName LastName",FC,54,38.8,N/A,17.67,17.79,2.79,13.76,21.43,N/A,N/A,""
D_uncapped,7_starter_target_14,8,"FirstName LastName",GF,50,34.48,N/A,12.81,12.97,3.17,8.66,16.55,N/A,N/A,""
D_uncapped,7_starter_target_14,9,"FirstName LastName",C,47,31.24,N/A,2.2,1.01,2.74,0,6.2,N/A,N/A,""
D_uncapped,8_target_0,0,"FirstName LastName",PG,76,62.54,0,6.39,5.94,1.56,5.14,8.14,6.39,0,"Low rotation (~2-7m)"
D_uncapped,8_target_0,1,"FirstName LastName",SG,73,59.3,N/A,36.97,37.48,3.36,33.61,39.69,N/A,N/A,""
D_uncapped,8_target_0,2,"FirstName LastName",SF,70,56.07,N/A,35.58,35.97,2.56,32.15,38.44,N/A,N/A,""
D_uncapped,8_target_0,3,"FirstName LastName",PF,66,51.75,N/A,34.71,35.09,2.36,31.74,37.32,N/A,N/A,""
D_uncapped,8_target_0,4,"FirstName LastName",C,63,48.51,N/A,32.81,33.34,2.36,30.18,35.03,N/A,N/A,""
D_uncapped,8_target_0,5,"FirstName LastName",G,60,45.27,N/A,29.72,29.68,1.78,27.37,31.94,N/A,N/A,""
D_uncapped,8_target_0,6,"FirstName LastName",F,57,42.04,N/A,23.83,23.83,2.11,21.43,26.25,N/A,N/A,""
D_uncapped,8_target_0,7,"FirstName LastName",FC,54,38.8,N/A,20.04,19.96,2.56,16.77,23.4,N/A,N/A,""
D_uncapped,8_target_0,8,"FirstName LastName",GF,50,34.48,N/A,16.92,16.56,2.63,14.11,20.46,N/A,N/A,""
D_uncapped,8_target_0,9,"FirstName LastName",C,47,31.24,N/A,4.52,4.3,3.08,0,8.86,N/A,N/A,""
D_uncapped,9_sum_240,0,"FirstName LastName",PG,76,62.54,34,34.45,35.11,3.73,30.09,38.04,0.45,36.5,"GOOD_ACCURACY (<=2m off)"
D_uncapped,9_sum_240,1,"FirstName LastName",SG,73,59.3,34,34.72,34.97,2.91,30.78,38.02,0.72,41.5,"GOOD_ACCURACY (<=2m off)"
D_uncapped,9_sum_240,2,"FirstName LastName",SF,70,56.07,32,32.99,33.27,2.88,29.19,36.25,0.99,42,"GOOD_ACCURACY (<=2m off)"
D_uncapped,9_sum_240,3,"FirstName LastName",PF,66,51.75,32,32.21,32.55,2.56,28.56,35.22,0.21,52,"GOOD_ACCURACY (<=2m off)"
D_uncapped,9_sum_240,4,"FirstName LastName",C,63,48.51,28,28.45,28.62,2.51,25.04,31.21,0.45,55.5,"GOOD_ACCURACY (<=2m off)"
D_uncapped,9_sum_240,5,"FirstName LastName",G,60,45.27,24,24.8,24.94,2.88,20.84,28.85,0.8,53.5,"GOOD_ACCURACY (<=2m off)"
D_uncapped,9_sum_240,6,"FirstName LastName",F,57,42.04,20,18.95,18.91,3.18,14.92,23.49,-1.05,46,"GOOD_ACCURACY (<=2m off)"
D_uncapped,9_sum_240,7,"FirstName LastName",FC,54,38.8,20,17.43,17.28,3.8,12.52,22.36,-2.57,31.5,""
D_uncapped,9_sum_240,8,"FirstName LastName",GF,50,34.48,16,16.64,16.76,3.55,12.23,21.12,0.64,45.5,"GOOD_ACCURACY (<=2m off)"
D_uncapped,9_sum_240,9,"FirstName LastName",C,47,31.24,0,0,0,0,0,0,0,100,"DNP (0m)"
D_uncapped,10_sum_low_180,0,"FirstName LastName",PG,76,62.54,18,27.57,27.57,2.22,24.51,30.26,9.57,0.5,"LARGE_DEVIATION (>4m off)"
D_uncapped,10_sum_low_180,1,"FirstName LastName",SG,73,59.3,18,26.59,26.66,2.07,23.9,29,8.59,0,"LARGE_DEVIATION (>4m off)"
D_uncapped,10_sum_low_180,2,"FirstName LastName",SF,70,56.07,18,25,25.01,2.04,22.73,27.62,7,0.5,"LARGE_DEVIATION (>4m off)"
D_uncapped,10_sum_low_180,3,"FirstName LastName",PF,66,51.75,18,24.2,24.14,2.03,22.15,26.59,6.2,1.5,"LARGE_DEVIATION (>4m off)"
D_uncapped,10_sum_low_180,4,"FirstName LastName",C,63,48.51,18,22.89,23.13,2.28,19.76,25.64,4.89,13,"LARGE_DEVIATION (>4m off)"
D_uncapped,10_sum_low_180,5,"FirstName LastName",G,60,45.27,18,23.3,23.32,2.33,20.29,26.23,5.3,7,"LARGE_DEVIATION (>4m off)"
D_uncapped,10_sum_low_180,6,"FirstName LastName",F,57,42.04,18,21.34,21.28,2.26,18.29,24.05,3.34,26,""
D_uncapped,10_sum_low_180,7,"FirstName LastName",FC,54,38.8,18,20.88,21.18,2.55,17.53,23.9,2.88,29.5,""
D_uncapped,10_sum_low_180,8,"FirstName LastName",GF,50,34.48,18,24.76,24.68,2.2,22.06,27.31,6.76,3,"LARGE_DEVIATION (>4m off)"
D_uncapped,10_sum_low_180,9,"FirstName LastName",C,47,31.24,18,25.11,25.07,2.15,22.64,28.07,7.11,1.5,"LARGE_DEVIATION (>4m off)"
D_uncapped,11_sum_high_320,0,"FirstName LastName",PG,76,62.54,40,33.48,34.19,3.4,29.5,37.22,-6.52,1.5,"LARGE_DEVIATION (>4m off)"
D_uncapped,11_sum_high_320,1,"FirstName LastName",SG,73,59.3,40,33.35,33.77,2.9,29.71,36.88,-6.65,3.5,"LARGE_DEVIATION (>4m off)"
D_uncapped,11_sum_high_320,2,"FirstName LastName",SF,70,56.07,40,31.57,31.69,2.87,28.22,35.28,-8.43,0.5,"LARGE_DEVIATION (>4m off)"
D_uncapped,11_sum_high_320,3,"FirstName LastName",PF,66,51.75,40,29.82,29.91,2.89,26.33,33.38,-10.18,0.5,"LARGE_DEVIATION (>4m off)"
D_uncapped,11_sum_high_320,4,"FirstName LastName",C,63,48.51,40,27.74,27.86,2.96,23.78,31.42,-12.26,0,"LARGE_DEVIATION (>4m off)"
D_uncapped,11_sum_high_320,5,"FirstName LastName",G,60,45.27,24,17.65,17.83,3.35,12.8,22.08,-6.35,10,"LARGE_DEVIATION (>4m off)"
D_uncapped,11_sum_high_320,6,"FirstName LastName",F,57,42.04,24,13.78,13.59,3.73,8.66,19.23,-10.22,0.5,"LARGE_DEVIATION (>4m off)"
D_uncapped,11_sum_high_320,7,"FirstName LastName",FC,54,38.8,24,11.02,10.62,3.76,6.36,15.96,-12.98,0.5,"LARGE_DEVIATION (>4m off)"
D_uncapped,11_sum_high_320,8,"FirstName LastName",GF,50,34.48,24,19.64,19.68,3.46,15.25,24.35,-4.36,17,"LARGE_DEVIATION (>4m off)"
D_uncapped,11_sum_high_320,9,"FirstName LastName",C,47,31.24,24,22.82,23.01,3.02,18.83,26.31,-1.18,51,"GOOD_ACCURACY (<=2m off)"
D_uncapped,12_playoffs_starter_26,0,"FirstName LastName",PG,76,62.54,26,33.56,34.02,2.86,30.63,36.27,7.56,4,"LARGE_DEVIATION (>4m off)"
D_uncapped,12_playoffs_starter_26,1,"FirstName LastName",SG,73,59.3,N/A,39.73,40.33,3.17,34.84,42.82,N/A,N/A,""
D_uncapped,12_playoffs_starter_26,2,"FirstName LastName",SF,70,56.07,N/A,37.88,38.68,3.25,33.41,41.12,N/A,N/A,""
D_uncapped,12_playoffs_starter_26,3,"FirstName LastName",PF,66,51.75,N/A,35.99,36.7,3.22,32.14,38.78,N/A,N/A,""
D_uncapped,12_playoffs_starter_26,4,"FirstName LastName",C,63,48.51,N/A,32.67,32.97,3,28.37,35.97,N/A,N/A,""
D_uncapped,12_playoffs_starter_26,5,"FirstName LastName",G,60,45.27,N/A,27.4,27.59,3.09,23.72,30.74,N/A,N/A,""
D_uncapped,12_playoffs_starter_26,6,"FirstName LastName",F,57,42.04,N/A,19.43,18.76,3.26,15.65,24.06,N/A,N/A,""
D_uncapped,12_playoffs_starter_26,7,"FirstName LastName",FC,54,38.8,N/A,10.51,10.25,3.77,5.88,15.04,N/A,N/A,""
D_uncapped,12_playoffs_starter_26,8,"FirstName LastName",GF,50,34.48,N/A,3.61,2.77,3.6,0,9.43,N/A,N/A,""
D_uncapped,12_playoffs_starter_26,9,"FirstName LastName",C,47,31.24,N/A,1.11,0,2.17,0,4.74,N/A,N/A,""