pool,model,tier,count,tierMinCapPct,tierMidpointCapPct,tierMaxCapPct,totalImpliedMinCapPct,totalImpliedMidpointCapPct,totalImpliedMaxCapPct,impliedMidpointCapPctPer30Teams,deltaTotalMidpointCapPctVsCurrent
all_active,current,SUPERSTAR_MAX,3,30,30,30,90,90,90,3,0
all_active,current,STAR_NEAR_MAX,19,25.705,27.458,29.211,488.404,521.703,555.001,17.39,0
all_active,current,YOUNG_PROVEN_STARTER,24,17,19.75,22.5,408.008,474.002,539.996,15.8,0
all_active,current,LOW_END_STARTER,63,6,9,12,378,567,756,18.9,0
all_active,current,SPECIALIST_ROTATION,9,3.5,4.5,5.5,31.501,40.501,49.501,1.35,0
all_active,current,YOUNG_UPSIDE_SUSPECT,26,2.5,3.5,4.5,64.996,90.996,116.996,3.033,0
all_active,current,VETERAN_ROTATION_GUARD,14,4,5,6,56,70,84,2.333,0
all_active,current,LOW_ROTATION_PLUS,10,2,2.75,3.5,20,27.501,35.002,0.917,0
all_active,current,VETERAN_MINIMUM_PLUS,6,2.362,2.931,3.5,14.174,17.587,21.001,0.586,0
all_active,current,MINIMUM_LEVEL,460,1.796,1.931,2.066,826.169,888.171,950.173,29.606,0
all_active,current,__TOTAL__,634,3.75,4.397,5.044,2377.252,2787.461,3197.67,92.915,0
all_active,candidate,SUPERSTAR_MAX,3,30,30,30,90,90,90,3,0
all_active,candidate,STAR_NEAR_MAX,19,25.705,27.458,29.211,488.404,521.703,555.001,17.39,0
all_active,candidate,HIGH_IMPACT_STARTER,75,17,19.75,22.5,1275.024,1481.256,1687.488,49.375,1481.256
all_active,candidate,YOUNG_PROVEN_STARTER,17,17,19.75,22.5,289.005,335.751,382.497,11.192,-138.251
all_active,candidate,SOLID_STARTER,29,12,14.5,17,348,420.505,493.009,14.017,420.505
all_active,candidate,HIGH_END_ROTATION,5,7,9.5,12,35.002,47.501,60,1.583,47.501
all_active,candidate,LOW_END_STARTER,54,6,9,12,324,486,648,16.2,-81
all_active,candidate,SPECIALIST_ROTATION,24,3.5,4.5,5.5,84.004,108.004,132.004,3.6,67.502
all_active,candidate,YOUNG_UPSIDE_SUSPECT,11,2.5,3.5,4.5,27.498,38.498,49.498,1.283,-52.498
all_active,candidate,VETERAN_ROTATION_GUARD,2,4,5,6,8,10,12,0.333,-60
all_active,candidate,LOW_ROTATION_PLUS,88,2.107,2.803,3.5,185.394,246.704,308.014,8.223,219.203
all_active,candidate,VETERAN_MINIMUM_PLUS,3,2.399,2.95,3.5,7.197,8.849,10.5,0.295,-8.739
all_active,candidate,MINIMUM_LEVEL,304,1.721,1.85,1.98,523.227,562.498,601.77,18.75,-325.672
all_active,candidate,__TOTAL__,634,5.812,6.873,7.933,3684.755,4357.269,5029.782,145.242,1569.808
rostered_active,current,SUPERSTAR_MAX,3,30,30,30,90,90,90,3,0
rostered_active,current,STAR_NEAR_MAX,17,25.624,27.371,29.118,435.604,465.302,495.001,15.51,0
rostered_active,current,YOUNG_PROVEN_STARTER,24,17,19.75,22.5,408.008,474.002,539.996,15.8,0
rostered_active,current,LOW_END_STARTER,58,6,9,12,348,522,696,17.4,0
rostered_active,current,SPECIALIST_ROTATION,7,3.5,4.5,5.5,24.501,31.501,38.501,1.05,0
rostered_active,current,YOUNG_UPSIDE_SUSPECT,26,2.5,3.5,4.5,64.996,90.996,116.996,3.033,0
rostered_active,current,VETERAN_ROTATION_GUARD,13,4,5,6,52,65,78,2.167,0
rostered_active,current,LOW_ROTATION_PLUS,9,2,2.75,3.5,18,24.751,31.501,0.825,0
rostered_active,current,VETERAN_MINIMUM_PLUS,5,2.355,2.928,3.5,11.775,14.638,17.501,0.488,0
rostered_active,current,MINIMUM_LEVEL,298,1.804,1.94,2.075,537.659,578.008,618.356,19.267,0
rostered_active,current,__TOTAL__,460,4.327,5.122,5.917,1990.543,2356.198,2721.853,78.54,0
rostered_active,candidate,SUPERSTAR_MAX,3,30,30,30,90,90,90,3,0
rostered_active,candidate,STAR_NEAR_MAX,17,25.624,27.371,29.118,435.604,465.302,495.001,15.51,0
rostered_active,candidate,HIGH_IMPACT_STARTER,71,17,19.75,22.5,1207.023,1402.256,1597.489,46.742,1402.256
rostered_active,candidate,YOUNG_PROVEN_STARTER,16,17,19.75,22.5,272.005,316.001,359.997,10.533,-158.001
rostered_active,candidate,SOLID_STARTER,29,12,14.5,17,348,420.505,493.009,14.017,420.505
rostered_active,candidate,HIGH_END_ROTATION,5,7,9.5,12,35.002,47.501,60,1.583,47.501
rostered_active,candidate,LOW_END_STARTER,53,6,9,12,318,477,636,15.9,-45
rostered_active,candidate,SPECIALIST_ROTATION,21,3.5,4.5,5.5,73.503,94.503,115.503,3.15,63.002
rostered_active,candidate,YOUNG_UPSIDE_SUSPECT,11,2.5,3.5,4.5,27.498,38.498,49.498,1.283,-52.498
rostered_active,candidate,VETERAN_ROTATION_GUARD,2,4,5,6,8,10,12,0.333,-55
rostered_active,candidate,LOW_ROTATION_PLUS,79,2.106,2.803,3.5,166.38,221.446,276.513,7.382,196.696
rostered_active,candidate,VETERAN_MINIMUM_PLUS,2,2.399,2.95,3.5,4.798,5.899,7,0.197,-8.739
rostered_active,candidate,MINIMUM_LEVEL,151,1.672,1.797,1.923,252.467,271.417,290.367,9.047,-306.591
rostered_active,candidate,__TOTAL__,460,7.04,8.392,9.744,3238.28,3860.329,4482.378,128.678,1504.132
contract_relevant,current,STAR_NEAR_MAX,5,26.4,28.2,30,132.001,141.001,150,4.7,0
contract_relevant,current,YOUNG_PROVEN_STARTER,7,17,19.75,22.5,119.002,138.251,157.499,4.608,0
contract_relevant,current,LOW_END_STARTER,18,6,9,12,108,162,216,5.4,0
contract_relevant,current,SPECIALIST_ROTATION,6,3.5,4.5,5.5,21.001,27.001,33.001,0.9,0
contract_relevant,current,YOUNG_UPSIDE_SUSPECT,5,2.5,3.5,4.5,12.499,17.499,22.499,0.583,0
contract_relevant,current,VETERAN_ROTATION_GUARD,5,4,5,6,20,25,30,0.833,0
contract_relevant,current,LOW_ROTATION_PLUS,3,2,2.75,3.5,6,8.25,10.5,0.275,0
contract_relevant,current,VETERAN_MINIMUM_PLUS,3,2.326,2.913,3.5,6.977,8.739,10.5,0.291,0
contract_relevant,current,MINIMUM_LEVEL,270,1.812,1.948,2.085,489.363,526.089,562.815,17.536,0
contract_relevant,current,__TOTAL__,322,2.841,3.273,3.704,914.844,1053.83,1192.815,35.128,0
contract_relevant,candidate,STAR_NEAR_MAX,5,26.4,28.2,30,132.001,141.001,150,4.7,0
contract_relevant,candidate,HIGH_IMPACT_STARTER,21,17,19.75,22.5,357.007,414.752,472.497,13.825,414.752
contract_relevant,candidate,YOUNG_PROVEN_STARTER,6,17,19.75,22.5,102.002,118.5,134.999,3.95,-19.75
contract_relevant,candidate,SOLID_STARTER,7,12,14.5,17,84,101.501,119.002,3.383,101.501
contract_relevant,candidate,HIGH_END_ROTATION,2,7,9.5,12,14.001,19,24,0.633,19
contract_relevant,candidate,LOW_END_STARTER,13,6,9,12,78,117,156,3.9,-45
contract_relevant,candidate,SPECIALIST_ROTATION,11,3.5,4.5,5.5,38.502,49.502,60.502,1.65,22.501
contract_relevant,candidate,YOUNG_UPSIDE_SUSPECT,1,2.5,3.5,4.5,2.5,3.5,4.5,0.117,-13.999
contract_relevant,candidate,VETERAN_ROTATION_GUARD,2,4,5,6,8,10,12,0.333,-15
contract_relevant,candidate,LOW_ROTATION_PLUS,35,2.154,2.827,3.5,75.399,98.952,122.506,3.298,90.702
contract_relevant,candidate,VETERAN_MINIMUM_PLUS,1,2.399,2.95,3.5,2.399,2.95,3.5,0.098,-5.789
contract_relevant,candidate,MINIMUM_LEVEL,218,1.763,1.895,2.028,384.371,413.219,442.067,13.774,-112.87
contract_relevant,candidate,__TOTAL__,322,3.97,4.627,5.284,1278.181,1489.876,1701.572,49.663,436.047
top15_roster_proxy,current,SUPERSTAR_MAX,3,30,30,30,90,90,90,3,0
top15_roster_proxy,current,STAR_NEAR_MAX,17,25.624,27.371,29.118,435.604,465.302,495.001,15.51,0
top15_roster_proxy,current,YOUNG_PROVEN_STARTER,24,17,19.75,22.5,408.008,474.002,539.996,15.8,0
top15_roster_proxy,current,LOW_END_STARTER,58,6,9,12,348,522,696,17.4,0
top15_roster_proxy,current,SPECIALIST_ROTATION,7,3.5,4.5,5.5,24.501,31.501,38.501,1.05,0
top15_roster_proxy,current,YOUNG_UPSIDE_SUSPECT,25,2.5,3.5,4.5,62.496,87.496,112.496,2.917,0
top15_roster_proxy,current,VETERAN_ROTATION_GUARD,13,4,5,6,52,65,78,2.167,0
top15_roster_proxy,current,LOW_ROTATION_PLUS,9,2,2.75,3.5,18,24.751,31.501,0.825,0
top15_roster_proxy,current,VETERAN_MINIMUM_PLUS,5,2.355,2.928,3.5,11.775,14.638,17.501,0.488,0
top15_roster_proxy,current,MINIMUM_LEVEL,270,1.839,1.977,2.115,496.618,533.885,571.151,17.796,0
top15_roster_proxy,current,__TOTAL__,431,4.517,5.356,6.195,1947.002,2308.575,2670.147,76.952,0
top15_roster_proxy,candidate,SUPERSTAR_MAX,3,30,30,30,90,90,90,3,0
top15_roster_proxy,candidate,STAR_NEAR_MAX,17,25.624,27.371,29.118,435.604,465.302,495.001,15.51,0
top15_roster_proxy,candidate,HIGH_IMPACT_STARTER,71,17,19.75,22.5,1207.023,1402.256,1597.489,46.742,1402.256
top15_roster_proxy,candidate,YOUNG_PROVEN_STARTER,16,17,19.75,22.5,272.005,316.001,359.997,10.533,-158.001
top15_roster_proxy,candidate,SOLID_STARTER,29,12,14.5,17,348,420.505,493.009,14.017,420.505
top15_roster_proxy,candidate,HIGH_END_ROTATION,5,7,9.5,12,35.002,47.501,60,1.583,47.501
top15_roster_proxy,candidate,LOW_END_STARTER,53,6,9,12,318,477,636,15.9,-45
top15_roster_proxy,candidate,SPECIALIST_ROTATION,21,3.5,4.5,5.5,73.503,94.503,115.503,3.15,63.002
top15_roster_proxy,candidate,YOUNG_UPSIDE_SUSPECT,10,2.5,3.5,4.5,24.998,34.998,44.998,1.167,-52.498
top15_roster_proxy,candidate,VETERAN_ROTATION_GUARD,2,4,5,6,8,10,12,0.333,-55
top15_roster_proxy,candidate,LOW_ROTATION_PLUS,79,2.106,2.803,3.5,166.38,221.446,276.513,7.382,196.696
top15_roster_proxy,candidate,VETERAN_MINIMUM_PLUS,2,2.399,2.95,3.5,4.798,5.899,7,0.197,-8.739
top15_roster_proxy,candidate,MINIMUM_LEVEL,123,1.719,1.848,1.977,211.426,227.294,243.162,7.576,-306.591
top15_roster_proxy,candidate,__TOTAL__,431,7.412,8.846,10.28,3194.739,3812.706,4430.673,127.09,1504.132
