caseId,globalCaseId,pid,name,bucket,bucketLabel,humanRangeStatus,humanRangeText,humanAmountMinM,humanAmountMaxM,humanAmountMidpointM,humanTargetTier,humanYears,humanNotes,v1Tier,v1RangeText,v1RangeMinM,v1RangeMaxM,v1Direction,v1Overlap,v1GapM,v1SignedGapM,v1GapCapPct,v1Severe,debugTier,debugRangeMinM,debugRangeMaxM,debugRangeText,debugPointEstimateM,debugPointEstimateText,debugYears,tierPlacementScore,debugReason,modelComponents,riskFlags,v2PointDirection,v2PointInside,v2PointGapM,v2PointSignedGapM,v2PointGapCapPct,v2PointSevere,v2AbsGapToHumanMidpointM,v2AbsGapToHumanRangeM,v1v2Change,oldDemandProxyM,oldDemandProxyText,oldDemandSanityGapM,oldDemandSanityFlag,tradeExploitRiskFlag,tradeExploitReason,age,pos,ovr,pot,value,valueNoPot,contractValue,MPG,starterShare,PER,EWA,VORP,BPM,USG
A-01,B40-01,12,Al-Farouq Aminu,minimum_fringe_negative,A. MINIMUM / FRINGE NEGATIVE,missing,,,,,,,,MINIMUM_LEVEL,$3.71M-$4.27M,3.71,4.27,missing,,,,,,MINIMUM_LEVEL,3.71,4.27,$3.71M-$4.27M,3.8,$3.80M,1,0.154998,v2 keeps v1 tier/range (MINIMUM_LEVEL) and places ask at 15.5% inside the range; no major risk flags,"{""currentImpactComponent"":0.0135,""roleCertaintyComponent"":0.0761,""futureUpsideComponent"":0,""skillPortabilityComponent"":0.4288,""archetypeRiskComponent"":0.34,""ageYearsRiskComponent"":0.75,""productionReliabilityComponent"":0.0746}",,missing,,,,,,,,missing,3.71,$3.71M,-0.09,old_demand_close,none,,35,F,50,50,42.950311,47.198144,46.688404,4.890338,0,8.703967,-0.17876,-0.168992,-5.408976,15.384131
A-02,B40-02,67,Bogdan Bogdanović,minimum_fringe_negative,A. MINIMUM / FRINGE NEGATIVE,missing,,,,,,,,MINIMUM_LEVEL,$3.71M-$4.27M,3.71,4.27,missing,,,,,,MINIMUM_LEVEL,3.71,4.27,$3.71M-$4.27M,3.79,$3.79M,1,0.142001,v2 keeps v1 tier/range (MINIMUM_LEVEL) and places ask at 14.2% inside the range; flags: offensive_liability_risk,"{""currentImpactComponent"":0.0011,""roleCertaintyComponent"":0.1446,""futureUpsideComponent"":0,""skillPortabilityComponent"":0.1777,""archetypeRiskComponent"":0.34,""ageYearsRiskComponent"":0.6667,""productionReliabilityComponent"":0.1388}",offensive_liability_risk,missing,,,,,,,,missing,3.71,$3.71M,-0.08,old_demand_close,none,,33,SG,48,48,41.939867,45.586812,45.149179,6.555189,0,6.417819,-0.617731,-0.454093,-6.736796,12.672284
A-03,B40-03,127,Pat Connaughton,minimum_fringe_negative,A. MINIMUM / FRINGE NEGATIVE,missing,,,,,,,,MINIMUM_LEVEL,$3.71M-$4.27M,3.71,4.27,missing,,,,,,MINIMUM_LEVEL,3.71,4.27,$3.71M-$4.27M,3.81,$3.81M,1,0.178874,v2 keeps v1 tier/range (MINIMUM_LEVEL) and places ask at 17.9% inside the range; no major risk flags,"{""currentImpactComponent"":0,""roleCertaintyComponent"":0.1903,""futureUpsideComponent"":0,""skillPortabilityComponent"":0.2682,""archetypeRiskComponent"":0.34,""ageYearsRiskComponent"":0.5,""productionReliabilityComponent"":0.187}",,missing,,,,,,,,missing,3.71,$3.71M,-0.1,old_demand_close,none,,32,GF,50,50,43.36784,47.138956,46.686422,7.890528,0,6.747936,-0.824837,-0.721836,-7.189608,16.053061
A-04,B40-04,251,Andrew Harrison,minimum_fringe_negative,A. MINIMUM / FRINGE NEGATIVE,missing,,,,,,,,MINIMUM_LEVEL,$3.71M-$4.27M,3.71,4.27,missing,,,,,,MINIMUM_LEVEL,3.71,4.27,$3.71M-$4.27M,3.8,$3.80M,1,0.160573,v2 keeps v1 tier/range (MINIMUM_LEVEL) and places ask at 16.1% inside the range; flags: offensive_liability_risk,"{""currentImpactComponent"":0,""roleCertaintyComponent"":0.1408,""futureUpsideComponent"":0,""skillPortabilityComponent"":0.1801,""archetypeRiskComponent"":0.34,""ageYearsRiskComponent"":0.3333,""productionReliabilityComponent"":0.133}",offensive_liability_risk,missing,,,,,,,,missing,3.71,$3.71M,-0.09,old_demand_close,none,,31,PG,48,48,41.695838,45.321563,44.886476,7.439993,0,6.276684,-0.797239,-0.530509,-6.961327,13.652754
B-01,B40-05,649,John Wall,minimum_plus_functional_vet,B. MINIMUM_PLUS / FUNCTIONAL VET,missing,,,,,,,,MINIMUM_LEVEL,$3.71M-$4.27M,3.71,4.27,missing,,,,,,MINIMUM_LEVEL,3.71,4.27,$3.71M-$4.27M,3.85,$3.85M,1,0.245245,v2 keeps v1 tier/range (MINIMUM_LEVEL) and places ask at 24.5% inside the range; no major risk flags,"{""currentImpactComponent"":0.1254,""roleCertaintyComponent"":0.2642,""futureUpsideComponent"":0.0475,""skillPortabilityComponent"":0.3093,""archetypeRiskComponent"":0.18,""ageYearsRiskComponent"":0.75,""productionReliabilityComponent"":0.2509}",,missing,,,,,,,,missing,6.69,$6.69M,2.84,old_demand_close,none,,35,PG,53,53,46.138899,50.702087,50.154505,17.1261,0.04,10.970964,-0.009896,-0.126166,-2.585077,15.182432
B-02,B40-06,39,Will Barton,minimum_plus_functional_vet,B. MINIMUM_PLUS / FUNCTIONAL VET,missing,,,,,,,,MINIMUM_LEVEL,$3.71M-$4.27M,3.71,4.27,missing,,,,,,MINIMUM_LEVEL,3.71,4.27,$3.71M-$4.27M,3.87,$3.87M,1,0.290444,v2 keeps v1 tier/range (MINIMUM_LEVEL) and places ask at 29.0% inside the range; no major risk flags,"{""currentImpactComponent"":0.1647,""roleCertaintyComponent"":0.3207,""futureUpsideComponent"":0.0573,""skillPortabilityComponent"":0.327,""archetypeRiskComponent"":0.16,""ageYearsRiskComponent"":0.75,""productionReliabilityComponent"":0.3883}",,missing,,,,,,,,missing,8.8,$8.80M,4.93,old_demand_close,none,,34,GF,55,55,47.273626,51.94904,51.38799,13.16548,0,11.949446,0.584821,0.22101,-1.141898,14.961052
B-03,B40-07,241,Blake Griffin,minimum_plus_functional_vet,B. MINIMUM_PLUS / FUNCTIONAL VET,missing,,,,,,,,MINIMUM_LEVEL,$3.71M-$4.27M,3.71,4.27,missing,,,,,,MINIMUM_LEVEL,3.71,4.27,$3.71M-$4.27M,3.94,$3.94M,1,0.405226,v2 keeps v1 tier/range (MINIMUM_LEVEL) and places ask at 40.5% inside the range; flags: defense_impact_noisy,"{""currentImpactComponent"":0.3662,""roleCertaintyComponent"":0.3158,""futureUpsideComponent"":0.1206,""skillPortabilityComponent"":0.4497,""archetypeRiskComponent"":0.16,""ageYearsRiskComponent"":0.75,""productionReliabilityComponent"":0.6297}",defense_impact_noisy,missing,,,,,,,,missing,9.09,$9.09M,5.15,old_demand_close,none,,36,FC,53,53,47.430697,52.121645,51.558731,11.270235,0,19.595417,2.683232,1.520161,5.603538,21.156242
B-04,B40-08,280,Justin Holiday,minimum_plus_functional_vet,B. MINIMUM_PLUS / FUNCTIONAL VET,missing,,,,,,,,MINIMUM_LEVEL,$3.71M-$4.27M,3.71,4.27,missing,,,,,,MINIMUM_LEVEL,3.71,4.27,$3.71M-$4.27M,3.87,$3.87M,1,0.282842,v2 keeps v1 tier/range (MINIMUM_LEVEL) and places ask at 28.3% inside the range; no major risk flags,"{""currentImpactComponent"":0.1237,""roleCertaintyComponent"":0.3538,""futureUpsideComponent"":0.0441,""skillPortabilityComponent"":0.4082,""archetypeRiskComponent"":0.18,""ageYearsRiskComponent"":0.75,""productionReliabilityComponent"":0.3184}",,missing,,,,,,,,missing,8.86,$8.86M,4.99,old_demand_close,none,,36,GF,55,55,47.214719,51.884307,51.323957,17.432444,0,10.632876,0.066379,-0.500371,-3.573109,16.791336
C-01,B40-09,1245,Keyonte George,low_rotation,C. LOW_ROTATION,missing,,,,,,,,YOUNG_UPSIDE_SUSPECT,$3.87M-$6.96M,3.87,6.96,missing,,,,,,YOUNG_UPSIDE_SUSPECT,3.87,6.96,$3.87M-$6.96M,5.12,$5.12M,1-2,0.4057,v2 keeps v1 tier/range (YOUNG_UPSIDE_SUSPECT) and places ask at 40.6% inside the range; flags: young_pot_only,"{""currentImpactComponent"":0.143,""roleCertaintyComponent"":0.3655,""futureUpsideComponent"":0.496,""skillPortabilityComponent"":0.4825,""archetypeRiskComponent"":0.18,""ageYearsRiskComponent"":0,""productionReliabilityComponent"":0.3279}",young_pot_only,missing,,,,,,,,missing,9.22,$9.22M,4.1,old_demand_close,none,,22,G,54,67,57.650517,50.319296,52.372038,15.912788,0.150685,11.408204,0.304315,-0.378603,-3.294241,18.680049
C-02,B40-10,1280,Jordan Hall,low_rotation,C. LOW_ROTATION,missing,,,,,,,,MINIMUM_LEVEL,$2.43M-$2.79M,2.43,2.79,missing,,,,,,MINIMUM_LEVEL,2.43,2.79,$2.43M-$2.79M,2.54,$2.54M,1-2,0.319075,v2 keeps v1 tier/range (MINIMUM_LEVEL) and places ask at 31.9% inside the range; flags: young_pot_only,"{""currentImpactComponent"":0.1184,""roleCertaintyComponent"":0.3155,""futureUpsideComponent"":0.3788,""skillPortabilityComponent"":0.3057,""archetypeRiskComponent"":0.52,""ageYearsRiskComponent"":0,""productionReliabilityComponent"":0.299}",young_pot_only,missing,,,,,,,,missing,10.37,$10.37M,7.83,old_demand_much_higher,none,,23,SF,55,65,56.543167,51.392263,52.834516,13.71513,0,10.883223,0.171538,-0.478909,-3.680336,18.554689
C-03,B40-11,1467,Bennedict Mathurin,low_rotation,C. LOW_ROTATION,missing,,,,,,,,MINIMUM_LEVEL,$2.43M-$2.79M,2.43,2.79,missing,,,,,,MINIMUM_LEVEL,2.43,2.79,$2.43M-$2.79M,2.59,$2.59M,1,0.430784,v2 keeps v1 tier/range (MINIMUM_LEVEL) and places ask at 43.1% inside the range; no major risk flags,"{""currentImpactComponent"":0.1786,""roleCertaintyComponent"":0.4071,""futureUpsideComponent"":0.39,""skillPortabilityComponent"":0.5371,""archetypeRiskComponent"":0.18,""ageYearsRiskComponent"":0,""productionReliabilityComponent"":0.429}",,missing,,,,,,,,missing,8.46,$8.46M,5.87,old_demand_close,none,,23,GF,52,63,55.064803,50.283119,51.62199,17.396479,0.0875,14.272768,2.089803,-0.655025,-3.866635,21.022314
C-04,B40-12,1659,Alex Sarr,low_rotation,C. LOW_ROTATION,missing,,,,,,,,YOUNG_UPSIDE_SUSPECT,$3.87M-$6.96M,3.87,6.96,missing,,,,,,YOUNG_UPSIDE_SUSPECT,3.87,6.96,$3.87M-$6.96M,5.4,$5.40M,1-2,0.496141,v2 keeps v1 tier/range (YOUNG_UPSIDE_SUSPECT) and places ask at 49.6% inside the range; flags: young_pot_only,"{""currentImpactComponent"":0.2692,""roleCertaintyComponent"":0.3344,""futureUpsideComponent"":0.758,""skillPortabilityComponent"":0.4282,""archetypeRiskComponent"":0,""ageYearsRiskComponent"":0,""productionReliabilityComponent"":0.4673}",young_pot_only,missing,,,,,,,,missing,12.02,$12.02M,6.62,old_demand_close,high,"cheap v2 ask with high asset proxy and role/archetype risk; audit only, not used as ask input",20,FC,55,73,62.383373,52.17654,55.034453,14.166284,0.060606,15.422986,1.627316,0.441098,-0.133657,21.612764
D-01,B40-13,927,Simisola Shittu,good_rotation_specialist,D. GOOD_ROTATION / SPECIALIST,parsed,$3.00M-$5.00M,3,5,4,,,,MINIMUM_LEVEL,$2.94M-$3.38M,2.94,3.38,overlap,yes,0,0,0,no,MINIMUM_LEVEL,2.94,3.38,$2.94M-$3.38M,3.13,$3.13M,1,0.423668,v2 keeps v1 tier/range (MINIMUM_LEVEL) and places ask at 42.4% inside the range; no major risk flags,"{""currentImpactComponent"":0.2158,""roleCertaintyComponent"":0.4316,""futureUpsideComponent"":0.2263,""skillPortabilityComponent"":0.461,""archetypeRiskComponent"":0,""ageYearsRiskComponent"":0,""productionReliabilityComponent"":0.3994}",,overlap,yes,0,0,0,no,0.87,0,roughly_same,12.73,$12.73M,9.6,old_demand_much_higher,none,,25,PF,58,62,54.81737,53.409421,53.691011,18.118911,0.182927,11.389489,-0.06535,0.095351,-1.745475,14.940929
D-02,B40-14,1593,Jordan Poole,good_rotation_specialist,D. GOOD_ROTATION / SPECIALIST,parsed,$6.00M-$10.00M,6,10,8,,,,LOW_ROTATION_PLUS,$3.09M-$5.41M,3.09,5.41,too_low,no,0.59,-0.59,0.003815,no,LOW_ROTATION_PLUS,3.09,5.41,$3.09M-$5.41M,4.12,$4.12M,1-2,0.443169,v2 keeps v1 tier/range (LOW_ROTATION_PLUS) and places ask at 44.3% inside the range; no major risk flags,"{""currentImpactComponent"":0.2833,""roleCertaintyComponent"":0.4074,""futureUpsideComponent"":0.1936,""skillPortabilityComponent"":0.432,""archetypeRiskComponent"":0,""ageYearsRiskComponent"":0,""productionReliabilityComponent"":0.4924}",,too_low,no,1.88,-1.88,0.012156,no,3.88,1.88,roughly_same,16.04,$16.04M,11.92,old_demand_much_higher,none,,26,G,59,62,55.930812,55.550333,55.626429,15.635103,0.012195,14.117836,1.718539,0.452275,-0.60269,19.807836
D-03,B40-15,1794,Jaylen Wells,good_rotation_specialist,D. GOOD_ROTATION / SPECIALIST,parsed,$8.00M-$14.00M,8,14,11,,,,YOUNG_UPSIDE_SUSPECT,$3.87M-$6.96M,3.87,6.96,too_low,no,1.04,-1.04,0.006725,no,YOUNG_UPSIDE_SUSPECT,3.87,6.96,$3.87M-$6.96M,5.22,$5.22M,1-2,0.43549,v2 keeps v1 tier/range (YOUNG_UPSIDE_SUSPECT) and places ask at 43.5% inside the range; flags: young_pot_only,"{""currentImpactComponent"":0.2141,""roleCertaintyComponent"":0.3746,""futureUpsideComponent"":0.482,""skillPortabilityComponent"":0.5058,""archetypeRiskComponent"":0.18,""ageYearsRiskComponent"":0,""productionReliabilityComponent"":0.3771}",young_pot_only,too_low,no,2.78,-2.78,0.017976,no,5.78,2.78,roughly_same,13.84,$13.84M,8.62,old_demand_much_higher,none,,22,GF,58,67,59.126533,54.009336,55.442151,16.951821,0.014286,12.070077,0.741531,-0.055223,-2.185266,16.507034
D-04,B40-16,1525,Keegan Murray,good_rotation_specialist,D. GOOD_ROTATION / SPECIALIST,parsed,$4.00M-$8.00M,4,8,6,,,,SPECIALIST_ROTATION,$5.41M-$8.51M,5.41,8.51,overlap,yes,0,0,0,no,SPECIALIST_ROTATION,5.41,8.51,$5.41M-$8.51M,6.49,$6.49M,1-2,0.346948,v2 keeps v1 tier/range (SPECIALIST_ROTATION) and places ask at 34.7% inside the range; no major risk flags,"{""currentImpactComponent"":0.1239,""roleCertaintyComponent"":0.3444,""futureUpsideComponent"":0.1684,""skillPortabilityComponent"":0.4557,""archetypeRiskComponent"":0.18,""ageYearsRiskComponent"":0,""productionReliabilityComponent"":0.303}",,overlap,yes,0,0,0,no,0.49,0,roughly_same,9.54,$9.54M,3.05,old_demand_close,none,,25,F,55,60,52.967847,51.537035,51.823197,14.855872,0.081081,10.948694,-0.022449,-0.649613,-4.334705,20.244612
E-01,B40-17,200,Yogi Ferrell,high_end_rotation_sixth_man,E. HIGH_END_ROTATION / SIXTH MAN,parsed,$8.00M-$12.00M,8,12,10,,,,VETERAN_ROTATION_GUARD,$6.19M-$9.28M,6.19,9.28,overlap,yes,0,0,0,no,VETERAN_ROTATION_GUARD,6.19,9.28,$6.19M-$9.28M,7.77,$7.77M,1,0.511892,"v2 keeps v1 tier/range (VETERAN_ROTATION_GUARD) and places ask at 51.2% inside the range; flags: small_guard_defense_stat_risk, non_scoring_impact_positive","{""currentImpactComponent"":0.4573,""roleCertaintyComponent"":0.4844,""futureUpsideComponent"":0.2091,""skillPortabilityComponent"":0.5478,""archetypeRiskComponent"":0.12,""ageYearsRiskComponent"":0.5,""productionReliabilityComponent"":0.6944}",small_guard_defense_stat_risk; non_scoring_impact_positive,too_low,no,0.23,-0.23,0.001487,no,2.23,0.23,worsened_from_range_overlap,18.43,$18.43M,10.66,old_demand_much_higher,none,,32,G,61,61,52.060145,56.587114,56.043878,21.181068,0.112903,16.443142,2.975675,1.81338,3.455773,18.091316
E-02,B40-18,1381,Nikola Jović,high_end_rotation_sixth_man,E. HIGH_END_ROTATION / SIXTH MAN,parsed,$20.00M-$30.00M,20,30,25,,,,YOUNG_UPSIDE_SUSPECT,$3.87M-$6.96M,3.87,6.96,too_low,no,13.04,-13.04,0.084319,severe_low,YOUNG_UPSIDE_SUSPECT,3.87,6.96,$3.87M-$6.96M,5.73,$5.73M,1-2,0.60303,"v2 keeps v1 tier/range (YOUNG_UPSIDE_SUSPECT) and places ask at 60.3% inside the range; flags: young_proven_positive, high_turnover_role_player_risk","{""currentImpactComponent"":0.4472,""roleCertaintyComponent"":0.5235,""futureUpsideComponent"":0.6719,""skillPortabilityComponent"":0.585,""archetypeRiskComponent"":0.28,""ageYearsRiskComponent"":0,""productionReliabilityComponent"":0.7284}",young_proven_positive; high_turnover_role_player_risk,too_low,no,14.27,-14.27,0.092273,severe_low,19.27,14.27,roughly_same,19.94,$19.94M,14.21,old_demand_much_higher,high,"cheap v2 ask with high asset proxy and role/archetype risk; audit only, not used as ask input",22,PF,61,72,62.861134,56.669136,57.907536,21.897022,0.04878,15.313426,2.725261,2.021692,2.442969,23.417442
E-03,B40-19,46,Malik Beasley,high_end_rotation_sixth_man,E. HIGH_END_ROTATION / SIXTH MAN,parsed,$6.00M-$10.00M,6,10,8,,,,MINIMUM_LEVEL,$3.37M-$3.88M,3.37,3.88,too_low,no,2.12,-2.12,0.013708,no,MINIMUM_LEVEL,3.37,3.88,$3.37M-$3.88M,3.63,$3.63M,1,0.517773,v2 keeps v1 tier/range (MINIMUM_LEVEL) and places ask at 51.8% inside the range; no major risk flags,"{""currentImpactComponent"":0.3795,""roleCertaintyComponent"":0.5877,""futureUpsideComponent"":0.184,""skillPortabilityComponent"":0.4716,""archetypeRiskComponent"":0,""ageYearsRiskComponent"":0,""productionReliabilityComponent"":0.5832}",,too_low,no,2.37,-2.37,0.015325,no,4.37,2.37,roughly_same,18.74,$18.74M,15.11,old_demand_much_higher,none,,29,SG,62,62,53.860427,57.298327,56.885779,22.165967,0.275,14.307076,2.686966,0.534263,-0.806608,19.530697
E-04,B40-20,1717,Julian Strawther,high_end_rotation_sixth_man,E. HIGH_END_ROTATION / SIXTH MAN,parsed,$12.00M-$18.00M,12,18,15,,,,YOUNG_UPSIDE_SUSPECT,$3.87M-$6.96M,3.87,6.96,too_low,no,5.04,-5.04,0.03259,no,YOUNG_UPSIDE_SUSPECT,3.87,6.96,$3.87M-$6.96M,5.6,$5.60M,1-2,0.56046,v2 keeps v1 tier/range (YOUNG_UPSIDE_SUSPECT) and places ask at 56.0% inside the range; flags: young_proven_positive,"{""currentImpactComponent"":0.3677,""roleCertaintyComponent"":0.5525,""futureUpsideComponent"":0.5344,""skillPortabilityComponent"":0.5006,""archetypeRiskComponent"":0,""ageYearsRiskComponent"":0,""productionReliabilityComponent"":0.6001}",young_proven_positive,too_low,no,6.4,-6.4,0.041384,no,9.4,6.4,roughly_same,17.51,$17.51M,11.91,old_demand_much_higher,medium,cheap v2 ask with high OVR/POT/value/contractValue proxy; audit only,23,GF,60,69,60.368839,55.51846,56.488536,21.827799,0.21519,14.40946,2.683167,0.734251,-0.319787,19.496389
F-01,B40-21,1675,Shaedon Sharpe,low_end_starter,F. LOW_END_STARTER,parsed,$20.00M-$30.00M,20,30,25,,,,LOW_END_STARTER,$9.28M-$18.56M,9.28,18.56,too_low,no,1.44,-1.44,0.009311,no,LOW_END_STARTER,9.28,18.56,$9.28M-$18.56M,15.02,$15.02M,2-4,0.618201,"v2 keeps v1 tier/range (LOW_END_STARTER) and places ask at 61.8% inside the range; flags: young_proven_positive, high_turnover_role_player_risk","{""currentImpactComponent"":0.4518,""roleCertaintyComponent"":0.7852,""futureUpsideComponent"":0.6152,""skillPortabilityComponent"":0.5648,""archetypeRiskComponent"":0.28,""ageYearsRiskComponent"":0,""productionReliabilityComponent"":0.5825}",young_proven_positive; high_turnover_role_player_risk,too_low,no,4.98,-4.98,0.032202,no,9.98,4.98,worsened_gap,19.95,$19.95M,4.93,old_demand_close,low,"asset proxy is notable, but v2 ask is not clearly cheap enough for a high audit flag",22,SG,62,71,62.379432,56.800222,57.916064,28.969005,1,13.037663,2.077398,0.430969,-1.173181,21.845099
F-02,B40-22,1383,Mfiondu Kabengele,low_end_starter,F. LOW_END_STARTER,parsed,$10.00M-$16.00M,10,16,13,,,,LOW_END_STARTER,$9.28M-$18.56M,9.28,18.56,overlap,yes,0,0,0,no,LOW_END_STARTER,9.28,18.56,$9.28M-$18.56M,15.4,$15.40M,2-4,0.659932,"v2 keeps v1 tier/range (LOW_END_STARTER) and places ask at 66.0% inside the range; flags: high_turnover_creator_risk, shooting_portable","{""currentImpactComponent"":0.5555,""roleCertaintyComponent"":0.8425,""futureUpsideComponent"":0.2524,""skillPortabilityComponent"":0.7044,""archetypeRiskComponent"":0.18,""ageYearsRiskComponent"":0,""productionReliabilityComponent"":0.7438}",high_turnover_creator_risk; shooting_portable,overlap,yes,0,0,0,no,2.4,0,roughly_same,19.71,$19.71M,4.31,old_demand_close,none,,28,FC,62,63,55.443971,58.362075,57.778454,28.724895,1,17.598849,5.166143,0.819821,-0.367817,24.00698
F-03,B40-23,1557,Isaac Okoro,low_end_starter,F. LOW_END_STARTER,parsed,$15.00M-$20.00M,15,20,17.5,,,,LOW_END_STARTER,$9.28M-$18.56M,9.28,18.56,overlap,yes,0,0,0,no,LOW_END_STARTER,9.28,18.56,$9.28M-$18.56M,14.43,$14.43M,2-4,0.554502,"v2 keeps v1 tier/range (LOW_END_STARTER) and places ask at 55.5% inside the range; flags: high_turnover_role_player_risk, low_efficiency_shooter_risk","{""currentImpactComponent"":0.455,""roleCertaintyComponent"":0.7613,""futureUpsideComponent"":0.444,""skillPortabilityComponent"":0.4285,""archetypeRiskComponent"":0.488,""ageYearsRiskComponent"":0,""productionReliabilityComponent"":0.5643}",high_turnover_role_player_risk; low_efficiency_shooter_risk,too_low,no,0.57,-0.57,0.003686,no,3.07,0.57,worsened_from_range_overlap,19.61,$19.61M,5.18,old_demand_close,low,"asset proxy is notable, but v2 ask is not clearly cheap enough for a high audit flag",24,GF,63,68,59.975806,57.1511,57.716042,28.881846,1,12.714992,1.680487,0.600907,-0.752919,18.583642
F-04,B40-24,100,Kentavious Caldwell-Pope,low_end_starter,F. LOW_END_STARTER,parsed,$6.00M-$12.00M,6,12,9,,,,LOW_END_STARTER,$9.28M-$18.56M,9.28,18.56,overlap,yes,0,0,0,no,LOW_END_STARTER,9.28,18.56,$9.28M-$18.56M,14.22,$14.22M,1-3,0.532052,v2 keeps v1 tier/range (LOW_END_STARTER) and places ask at 53.2% inside the range; flags: high_turnover_role_player_risk,"{""currentImpactComponent"":0.4609,""roleCertaintyComponent"":0.7629,""futureUpsideComponent"":0.2049,""skillPortabilityComponent"":0.5729,""archetypeRiskComponent"":0.28,""ageYearsRiskComponent"":0.5,""productionReliabilityComponent"":0.5633}",high_turnover_role_player_risk,too_high,no,2.22,2.22,0.014355,no,5.22,2.22,worsened_from_range_overlap,20.68,$20.68M,6.46,old_demand_close,none,,32,SG,63,63,53.175622,57.799589,57.244713,28.820227,1,13.453593,2.134433,0.477212,-0.962877,19.110765
G-01,B40-25,51,Jordan Bell,solid_starter,G. SOLID_STARTER,parsed,$12.00M-$20.00M,12,20,16,,,,LOW_END_STARTER,$9.28M-$18.56M,9.28,18.56,overlap,yes,0,0,0,no,LOW_END_STARTER,9.28,18.56,$9.28M-$18.56M,15.85,$15.85M,1-3,0.707637,"v2 keeps v1 tier/range (LOW_END_STARTER) and places ask at 70.8% inside the range; flags: high_turnover_role_player_risk, non_scoring_impact_positive","{""currentImpactComponent"":0.7036,""roleCertaintyComponent"":0.902,""futureUpsideComponent"":0.311,""skillPortabilityComponent"":0.5898,""archetypeRiskComponent"":0.235,""ageYearsRiskComponent"":0.2867,""productionReliabilityComponent"":0.9307}",high_turnover_role_player_risk; non_scoring_impact_positive,overlap,yes,0,0,0,no,0.15,0,roughly_same,24.76,$24.76M,8.91,old_demand_much_higher,high,"cheap v2 ask with high asset proxy and role/archetype risk; audit only, not used as ask input",30,C,65,65,56.188012,60.417217,59.909713,29.983839,1,17.872575,6.162086,2.755118,3.132717,16.023408
G-02,B40-26,1716,Isaiah Stewart,solid_starter,G. SOLID_STARTER,parsed,$20.00M-$25.00M,20,25,22.5,,,,LOW_END_STARTER,$9.28M-$18.56M,9.28,18.56,too_low,no,1.44,-1.44,0.009311,no,LOW_END_STARTER,9.28,18.56,$9.28M-$18.56M,15.62,$15.62M,2-4,0.683534,v2 keeps v1 tier/range (LOW_END_STARTER) and places ask at 68.4% inside the range; flags: high_turnover_role_player_risk,"{""currentImpactComponent"":0.5906,""roleCertaintyComponent"":0.8669,""futureUpsideComponent"":0.5478,""skillPortabilityComponent"":0.5802,""archetypeRiskComponent"":0.28,""ageYearsRiskComponent"":0,""productionReliabilityComponent"":0.7198}",high_turnover_role_player_risk,too_low,no,4.38,-4.38,0.028322,no,6.88,4.38,worsened_gap,24.81,$24.81M,9.19,old_demand_much_higher,high,"cheap v2 ask with high asset proxy and role/archetype risk; audit only, not used as ask input",24,FC,65,72,63.225602,60.146349,60.7622,30.607821,1,17.000583,4.929408,0.77159,-0.538995,21.811305
G-03,B40-27,20,OG Anunoby,solid_starter,G. SOLID_STARTER,parsed,$12.00M-$18.00M,12,18,15,,,,LOW_END_STARTER,$9.28M-$18.56M,9.28,18.56,overlap,yes,0,0,0,no,LOW_END_STARTER,9.28,18.56,$9.28M-$18.56M,16.03,$16.03M,2-4,0.726938,v2 keeps v1 tier/range (LOW_END_STARTER) and places ask at 72.7% inside the range; flags: non_scoring_impact_positive,"{""currentImpactComponent"":0.6482,""roleCertaintyComponent"":0.8847,""futureUpsideComponent"":0.3406,""skillPortabilityComponent"":0.6741,""archetypeRiskComponent"":0,""ageYearsRiskComponent"":0,""productionReliabilityComponent"":0.8312}",non_scoring_impact_positive,overlap,yes,0,0,0,no,1.03,0,roughly_same,24.6,$24.60M,8.57,old_demand_much_higher,medium,cheap v2 ask with high OVR/POT/value/contractValue proxy; audit only,28,F,67,68,58.188909,61.251484,60.638969,29.657669,1,15.945413,4.319816,2.241249,2.024647,16.407255
G-04,B40-28,1527,Džanan Musa,solid_starter,G. SOLID_STARTER,parsed,$12.00M-$18.00M,12,18,15,,,too many TO,MINIMUM_LEVEL,$3.15M-$3.62M,3.15,3.62,too_low,no,8.38,-8.38,0.054187,severe_low,MINIMUM_LEVEL,3.15,3.62,$3.15M-$3.62M,3.44,$3.44M,1,0.610846,v2 keeps v1 tier/range (MINIMUM_LEVEL) and places ask at 61.1% inside the range; flags: high_turnover_creator_risk,"{""currentImpactComponent"":0.5611,""roleCertaintyComponent"":0.7525,""futureUpsideComponent"":0.3513,""skillPortabilityComponent"":0.5555,""archetypeRiskComponent"":0.18,""ageYearsRiskComponent"":0,""productionReliabilityComponent"":0.5483}",high_turnover_creator_risk,too_low,no,8.56,-8.56,0.055351,severe_low,11.56,8.56,roughly_same,25.03,$25.03M,21.59,old_demand_much_higher,medium,cheap v2 ask with high OVR/POT/value/contractValue proxy; audit only,26,GF,66,69,61.313465,60.783173,60.889232,32.331666,1,15.783185,3.059359,0.466919,-0.727218,27.142406
H-01,B40-29,1403,Kevin Knox,good_high_starter,H. GOOD_STARTER / HIGH_STARTER,parsed,$25.00M-$35.00M,25,35,30,,,,YOUNG_PROVEN_STARTER,$26.29M-$34.80M,26.29,34.8,overlap,yes,0,0,0,no,YOUNG_PROVEN_STARTER,26.29,34.8,$26.29M-$34.80M,33.02,$33.02M,3-5,0.790975,v2 keeps v1 tier/range (YOUNG_PROVEN_STARTER) and places ask at 79.1% inside the range; flags: high_turnover_role_player_risk,"{""currentImpactComponent"":0.7981,""roleCertaintyComponent"":0.9643,""futureUpsideComponent"":0.4373,""skillPortabilityComponent"":0.6714,""archetypeRiskComponent"":0.28,""ageYearsRiskComponent"":0,""productionReliabilityComponent"":0.9652}",high_turnover_role_player_risk,overlap,yes,0,0,0,no,3.02,0,roughly_same,30.91,$30.91M,-2.11,old_demand_close,low,"asset proxy is notable, but v2 ask is not clearly cheap enough for a high audit flag",26,F,70,71,64.551188,64.278062,64.332687,33.32959,1,18.852119,7.499689,2.877628,2.731831,23.03125
H-02,B40-30,589,Ben Simmons,good_high_starter,H. GOOD_STARTER / HIGH_STARTER,parsed,$30.00M-$35.00M,30,35,32.5,,,,LOW_END_STARTER,$9.28M-$18.56M,9.28,18.56,too_low,no,11.44,-11.44,0.073973,severe_low,LOW_END_STARTER,9.28,18.56,$9.28M-$18.56M,17.03,$17.03M,1-3,0.835121,v2 keeps v1 tier/range (LOW_END_STARTER) and places ask at 83.5% inside the range; no major risk flags,"{""currentImpactComponent"":0.8875,""roleCertaintyComponent"":0.9695,""futureUpsideComponent"":0.363,""skillPortabilityComponent"":0.6924,""archetypeRiskComponent"":0,""ageYearsRiskComponent"":0,""productionReliabilityComponent"":0.9834}",,too_low,no,12.97,-12.97,0.083867,severe_low,15.47,12.97,roughly_same,30.99,$30.99M,13.96,old_demand_much_higher,medium,cheap v2 ask with high OVR/POT/value/contractValue proxy; audit only,29,PG,69,69,60.455307,64.314156,63.851094,31.207723,1,21.246543,9.036323,5.855211,8.440689,18.185358
H-03,B40-31,732,LaMelo Ball,good_high_starter,H. GOOD_STARTER / HIGH_STARTER,parsed,$35.00M-$40.00M,35,40,37.5,,,,YOUNG_PROVEN_STARTER,$26.29M-$34.80M,26.29,34.8,too_low,no,0.2,-0.2,0.001293,no,YOUNG_PROVEN_STARTER,26.29,34.8,$26.29M-$34.80M,33.66,$33.66M,3-5,0.865929,v2 keeps v1 tier/range (YOUNG_PROVEN_STARTER) and places ask at 86.6% inside the range; flags: high_turnover_creator_risk,"{""currentImpactComponent"":0.909,""roleCertaintyComponent"":0.9766,""futureUpsideComponent"":0.5958,""skillPortabilityComponent"":0.6779,""archetypeRiskComponent"":0.0795,""ageYearsRiskComponent"":0,""productionReliabilityComponent"":0.9958}",high_turnover_creator_risk,too_low,no,1.34,-1.34,0.008665,no,3.84,1.34,roughly_same,30.81,$30.81M,-2.85,old_demand_close,low,"asset proxy is notable, but v2 ask is not clearly cheap enough for a high audit flag",24,PG,68,74,66.051942,63.828415,64.273121,34.517772,1,22.035388,11.219048,5.234029,6.095967,21.590915
H-04,B40-32,1376,Kai Jones,good_high_starter,H. GOOD_STARTER / HIGH_STARTER,parsed,$35.00M-$40.00M,35,40,37.5,,,,YOUNG_PROVEN_STARTER,$26.29M-$34.80M,26.29,34.8,too_low,no,0.2,-0.2,0.001293,no,YOUNG_PROVEN_STARTER,26.29,34.8,$26.29M-$34.80M,33.3,$33.30M,3-5,0.824315,"v2 keeps v1 tier/range (YOUNG_PROVEN_STARTER) and places ask at 82.4% inside the range; flags: high_turnover_role_player_risk, defense_impact_noisy","{""currentImpactComponent"":0.8392,""roleCertaintyComponent"":0.9719,""futureUpsideComponent"":0.5964,""skillPortabilityComponent"":0.6439,""archetypeRiskComponent"":0.28,""ageYearsRiskComponent"":0,""productionReliabilityComponent"":0.9917}",high_turnover_role_player_risk; defense_impact_noisy,too_low,no,1.7,-1.7,0.010993,no,4.2,1.7,roughly_same,30.67,$30.67M,-2.63,old_demand_close,low,"asset proxy is notable, but v2 ask is not clearly cheap enough for a high audit flag",24,C,69,74,66.00233,63.738211,64.191035,31.261623,1,19.414923,8.006576,3.612523,4.246451,22.597064
I-01,B40-33,1422,Saben Lee,star_near_max,I. STAR_NEAR_MAX,parsed,$46.40M,46.4,46.4,46.4,max,,,STAR_NEAR_MAX,$40.83M-$46.40M,40.83,46.4,overlap,yes,0,0,0,no,STAR_NEAR_MAX,40.83,46.4,$40.83M-$46.40M,45.52,$45.52M,4-5,0.841209,"v2 keeps v1 tier/range (STAR_NEAR_MAX) and places ask at 84.1% inside the range; flags: small_guard_defense_stat_risk, high_turnover_creator_risk","{""currentImpactComponent"":0.9758,""roleCertaintyComponent"":0.9467,""futureUpsideComponent"":0.5054,""skillPortabilityComponent"":0.6677,""archetypeRiskComponent"":0.3,""ageYearsRiskComponent"":0,""productionReliabilityComponent"":0.9418}",small_guard_defense_stat_risk; high_turnover_creator_risk,too_low,no,0.88,-0.88,0.00569,no,0.88,0.88,worsened_from_range_overlap,37.98,$37.98M,-7.54,old_demand_close,low,"asset proxy is notable, but v2 ask is not clearly cheap enough for a high audit flag",26,PG,74,77,68.838231,68.375079,68.46771,37.159961,1,22.873623,10.712289,6.165589,8.746734,26.461451
I-02,B40-34,1247,Josh Giddey,star_near_max,I. STAR_NEAR_MAX,parsed,$38.66M,38.66,38.66,38.66,max,,,STAR_NEAR_MAX,$34.02M-$38.66M,34.02,38.66,overlap,yes,0,0,0,no,STAR_NEAR_MAX,34.02,38.66,$34.02M-$38.66M,38.08,$38.08M,4-5,0.875717,v2 keeps v1 tier/range (STAR_NEAR_MAX) and places ask at 87.6% inside the range; flags: high_turnover_creator_risk,"{""currentImpactComponent"":0.9683,""roleCertaintyComponent"":0.9619,""futureUpsideComponent"":0.6882,""skillPortabilityComponent"":0.6559,""archetypeRiskComponent"":0.18,""ageYearsRiskComponent"":0,""productionReliabilityComponent"":0.9584}",high_turnover_creator_risk,too_low,no,0.58,-0.58,0.00375,no,0.58,0.58,worsened_from_range_overlap,37.63,$37.63M,-0.45,old_demand_close,low,"asset proxy is notable, but v2 ask is not clearly cheap enough for a high audit flag",23,GF,72,80,71.156137,67.544701,68.266988,37.219947,1,24.868697,13.835678,5.564332,7.087219,26.418332
I-03,B40-35,1821,Patrick Williams,star_near_max,I. STAR_NEAR_MAX,parsed,$46.40M,46.4,46.4,46.4,max,,,STAR_NEAR_MAX,$40.83M-$46.40M,40.83,46.4,overlap,yes,0,0,0,no,STAR_NEAR_MAX,40.83,46.4,$40.83M-$46.40M,45.66,$45.66M,4-5,0.866369,v2 keeps v1 tier/range (STAR_NEAR_MAX) and places ask at 86.6% inside the range; flags: high_turnover_creator_risk,"{""currentImpactComponent"":0.9439,""roleCertaintyComponent"":0.9696,""futureUpsideComponent"":0.6214,""skillPortabilityComponent"":0.6824,""archetypeRiskComponent"":0.18,""ageYearsRiskComponent"":0,""productionReliabilityComponent"":0.9668}",high_turnover_creator_risk,too_low,no,0.74,-0.74,0.004785,no,0.74,0.74,worsened_from_range_overlap,38.49,$38.49M,-7.17,old_demand_close,low,"asset proxy is notable, but v2 ask is not clearly cheap enough for a high audit flag",24,PF,74,79,70.528186,68.325202,68.765798,35.649572,1,22.873541,10.812316,3.388617,3.633695,26.121335
I-04,B40-36,1840,Trae Young,star_near_max,I. STAR_NEAR_MAX,parsed,$44.00M-$46.40M,44,46.4,45.2,basically max,,,STAR_NEAR_MAX,$40.83M-$46.40M,40.83,46.4,overlap,yes,0,0,0,no,STAR_NEAR_MAX,40.83,46.4,$40.83M-$46.40M,45.59,$45.59M,4-5,0.853931,v2 keeps v1 tier/range (STAR_NEAR_MAX) and places ask at 85.4% inside the range; flags: high_turnover_creator_risk,"{""currentImpactComponent"":0.9667,""roleCertaintyComponent"":1,""futureUpsideComponent"":0.441,""skillPortabilityComponent"":0.6452,""archetypeRiskComponent"":0.18,""ageYearsRiskComponent"":0,""productionReliabilityComponent"":1}",high_turnover_creator_risk,overlap,yes,0,0,0,no,0.39,0,roughly_same,36.62,$36.62M,-8.97,old_demand_much_lower,low,"asset proxy is notable, but v2 ask is not clearly cheap enough for a high audit flag",27,PG,73,75,66.348639,68.00752,67.675744,38.662058,1,24.177094,15.815873,8.361475,8.954949,26.654345
J-01,B40-37,834,Justin Champagnie,superstar_max_lock,J. UPPER STAR / MAX BORDERLINE,parsed,$46.40M,46.4,46.4,46.4,,,,STAR_NEAR_MAX,$40.83M-$46.40M,40.83,46.4,overlap,yes,0,0,0,no,STAR_NEAR_MAX,40.83,46.4,$40.83M-$46.40M,45.73,$45.73M,4-5,0.879138,v2 keeps v1 tier/range (STAR_NEAR_MAX) and places ask at 87.9% inside the range; flags: high_turnover_creator_risk,"{""currentImpactComponent"":1,""roleCertaintyComponent"":0.9505,""futureUpsideComponent"":0.6356,""skillPortabilityComponent"":0.692,""archetypeRiskComponent"":0.18,""ageYearsRiskComponent"":0,""productionReliabilityComponent"":0.946}",high_turnover_creator_risk,too_low,no,0.67,-0.67,0.004332,no,0.67,0.67,worsened_from_range_overlap,43.01,$43.01M,-2.72,old_demand_close,low,"asset proxy is notable, but v2 ask is not clearly cheap enough for a high audit flag",24,SF,77,84,73.937059,70.860336,71.414146,35.864291,1,24.008926,11.955526,4.651456,6.254525,25.456462
J-02,B40-38,739,Scottie Barnes,superstar_max_lock,J. UPPER STAR / MAX BORDERLINE,parsed,$46.40M,46.4,46.4,46.4,,,,STAR_NEAR_MAX,$40.83M-$46.40M,40.83,46.4,overlap,yes,0,0,0,no,STAR_NEAR_MAX,40.83,46.4,$40.83M-$46.40M,45.77,$45.77M,4-5,0.887417,"v2 keeps v1 tier/range (STAR_NEAR_MAX) and places ask at 88.7% inside the range; flags: high_turnover_creator_risk, shooting_portable, defense_impact_noisy","{""currentImpactComponent"":0.9964,""roleCertaintyComponent"":0.9543,""futureUpsideComponent"":0.6053,""skillPortabilityComponent"":0.7466,""archetypeRiskComponent"":0.1256,""ageYearsRiskComponent"":0,""productionReliabilityComponent"":0.9501}",high_turnover_creator_risk; shooting_portable; defense_impact_noisy,too_low,no,0.63,-0.63,0.004074,no,0.63,0.63,worsened_from_range_overlap,40.39,$40.39M,-5.38,old_demand_close,low,"asset proxy is notable, but v2 ask is not clearly cheap enough for a high audit flag",24,F,74,78,70.848882,69.636653,69.879099,32.771813,1,27.048935,13.188067,5.432965,8.370563,25.153992
J-03,B40-39,1604,Joshua Primo,superstar_max_lock,J. UPPER STAR / MAX BORDERLINE,parsed,$46.40M,46.4,46.4,46.4,,,有FMVP，基本上就是max吧,STAR_NEAR_MAX,$40.83M-$46.40M,40.83,46.4,overlap,yes,0,0,0,no,STAR_NEAR_MAX,40.83,46.4,$40.83M-$46.40M,45.77,$45.77M,4-5,0.886067,"v2 keeps v1 tier/range (STAR_NEAR_MAX) and places ask at 88.6% inside the range; flags: high_turnover_creator_risk, shooting_portable, defense_impact_noisy","{""currentImpactComponent"":0.9929,""roleCertaintyComponent"":0.9087,""futureUpsideComponent"":0.6732,""skillPortabilityComponent"":0.7462,""archetypeRiskComponent"":0.0555,""ageYearsRiskComponent"":0,""productionReliabilityComponent"":0.9003}",high_turnover_creator_risk; shooting_portable; defense_impact_noisy,too_low,no,0.63,-0.63,0.004074,no,0.63,0.63,worsened_from_range_overlap,40.23,$40.23M,-5.54,old_demand_close,low,"asset proxy is notable, but v2 ask is not clearly cheap enough for a high audit flag",23,GF,75,80,71.935592,69.247688,69.785269,37.740341,1,23.725686,10.131836,5.494538,9.321602,23.67117
J-04,B40-40,904,Luka Dončić,superstar_max_lock,J. UPPER STAR / MAX BORDERLINE,parsed,$46.40M,46.4,46.4,46.4,max,,,STAR_NEAR_MAX,$40.83M-$46.40M,40.83,46.4,overlap,yes,0,0,0,no,STAR_NEAR_MAX,40.83,46.4,$40.83M-$46.40M,45.67,$45.67M,4-5,0.869837,v2 keeps v1 tier/range (STAR_NEAR_MAX) and places ask at 87.0% inside the range; flags: high_turnover_creator_risk,"{""currentImpactComponent"":0.9834,""roleCertaintyComponent"":1,""futureUpsideComponent"":0.5041,""skillPortabilityComponent"":0.6667,""archetypeRiskComponent"":0.18,""ageYearsRiskComponent"":0,""productionReliabilityComponent"":1}",high_turnover_creator_risk,too_low,no,0.73,-0.73,0.00472,no,0.73,0.73,worsened_from_range_overlap,38.81,$38.81M,-6.86,old_demand_close,low,"asset proxy is notable, but v2 ask is not clearly cheap enough for a high audit flag",26,G,74,77,69.26304,68.878824,68.955667,36.819228,1,24.573986,15.801434,8.976027,10.411228,23.399267
