section,lane,pool,currentTier,combinedTier,caseId,dataset,name,signalOrCombination,count,percentage,notes
module_entrant_count,1A,,,,,,,,33,5.2%,
entrants_by_current_tier,1A,,VETERAN_ROTATION_GUARD,HIGH_END_ROTATION,,,,,10,30.3%,
entrants_by_current_tier,1A,,VETERAN_MINIMUM_PLUS,HIGH_END_ROTATION,,,,,3,9.1%,
entrants_by_current_tier,1A,,SPECIALIST_ROTATION,HIGH_END_ROTATION,,,,,3,9.1%,
entrants_by_current_tier,1A,,MINIMUM_LEVEL,HIGH_END_ROTATION,,,,,6,18.2%,
entrants_by_current_tier,1A,,YOUNG_UPSIDE_SUSPECT,HIGH_END_ROTATION,,,,,11,33.3%,
entrants_by_pool,1A,all_active,,,,,,,33,5.2%,
entrants_by_pool,1A,rostered_active,,,,,,,32,7.0%,
entrants_by_pool,1A,top15_roster_proxy,,,,,,,32,7.4%,
entrants_by_pool,1A,contract_relevant,,,,,,,10,3.1%,
bpm_bucket,1A,,,,,,,BPM >= 1,15,45.5%,
bpm_bucket,1A,,,,,,,BPM < -1,5,15.2%,
bpm_bucket,1A,,,,,,,0 <= BPM < 1,8,24.2%,
bpm_bucket,1A,,,,,,,-1 <= BPM < 0,5,15.2%,
signal_combination,1A,,,,,,,strong rotation role: GP >= 50 and MPG >= 22; real role fallback: MPG >= 22; real role fallback: GP >= 55 and MPG >= 20; creator/scorer core; production support: EWA/VORP/BPM/PER,5,15.2%,
signal_combination,1A,,,,,,,strong rotation role: GP >= 50 and MPG >= 22; real role fallback: MPG >= 22; real role fallback: GP >= 55 and MPG >= 20; young productive core; connector/defense core; value support: valueNoPot >= 55; value support: contractValue >= 55; production support: EWA/VORP/BPM/PER,3,9.1%,
signal_combination,1A,,,,,,,strong rotation role: GP >= 50 and MPG >= 22; real role fallback: MPG >= 22; real role fallback: GP >= 55 and MPG >= 20; creator/scorer core; value support: valueNoPot >= 55; value support: contractValue >= 55; production support: EWA/VORP/BPM/PER,2,6.1%,
signal_combination,1A,,,,,,,strong rotation role: GP >= 50 and MPG >= 22; real role fallback: MPG >= 22; real role fallback: GP >= 55 and MPG >= 20; creator/scorer core; portable shooting core; value support: valueNoPot >= 55; value support: contractValue >= 55; production support: EWA/VORP/BPM/PER,2,6.1%,
signal_combination,1A,,,,,,,real role fallback: MPG >= 22; creator/scorer core; young productive core; value support: valueNoPot >= 55; value support: contractValue >= 55; production support: EWA/VORP/BPM/PER,2,6.1%,
signal_combination,1A,,,,,,,real role fallback: GP >= 55 and MPG >= 20; portable shooting core; young productive core; value support: valueNoPot >= 55; value support: contractValue >= 55; production support: EWA/VORP/BPM/PER,2,6.1%,
signal_combination,1A,,,,,,,real role fallback: MPG >= 22; creator/scorer core; value support: valueNoPot >= 55; value support: contractValue >= 55; production support: EWA/VORP/BPM/PER,1,3.0%,
signal_combination,1A,,,,,,,real role fallback: GP >= 55 and MPG >= 20; connector/defense core; value support: valueNoPot >= 55; value support: contractValue >= 55; production support: EWA/VORP/BPM/PER,1,3.0%,
signal_combination,1A,,,,,,,strong rotation role: GP >= 50 and MPG >= 22; real role fallback: MPG >= 22; real role fallback: GP >= 55 and MPG >= 20; portable shooting core; value support: valueNoPot >= 55; value support: contractValue >= 55; production support: EWA/VORP/BPM/PER,1,3.0%,
signal_combination,1A,,,,,,,real role fallback: GP >= 55 and MPG >= 20; creator/scorer core; portable shooting core; value support: valueNoPot >= 55; value support: contractValue >= 55; production support: EWA/VORP/BPM/PER,1,3.0%,
signal_combination,1A,,,,,,,strong rotation role: GP >= 50 and MPG >= 22; real role fallback: MPG >= 22; real role fallback: GP >= 55 and MPG >= 20; connector/defense core; value support: valueNoPot >= 55; value support: contractValue >= 55; production support: EWA/VORP/BPM/PER,1,3.0%,
signal_combination,1A,,,,,,,real role fallback: MPG >= 22; creator/scorer core; connector/defense core; value support: valueNoPot >= 55; value support: contractValue >= 55; production support: EWA/VORP/BPM/PER,1,3.0%,
signal_combination,1A,,,,,,,strong rotation role: GP >= 50 and MPG >= 22; real role fallback: MPG >= 22; real role fallback: GP >= 55 and MPG >= 20; young productive core; production support: EWA/VORP/BPM/PER,1,3.0%,
signal_combination,1A,,,,,,,real role fallback: MPG >= 22; young productive core; value support: contractValue >= 55; production support: EWA/VORP/BPM/PER,1,3.0%,
signal_combination,1A,,,,,,,strong rotation role: GP >= 50 and MPG >= 22; real role fallback: MPG >= 22; real role fallback: GP >= 55 and MPG >= 20; young productive core; value support: valueNoPot >= 55; value support: contractValue >= 55,1,3.0%,
signal_combination,1A,,,,,,,strong rotation role: GP >= 50 and MPG >= 22; real role fallback: MPG >= 22; real role fallback: GP >= 55 and MPG >= 20; creator/scorer core; value support: valueNoPot >= 55; production support: EWA/VORP/BPM/PER,1,3.0%,
signal_combination,1A,,,,,,,real role fallback: GP >= 55 and MPG >= 20; portable shooting core; young productive core; value support: contractValue >= 55,1,3.0%,
signal_combination,1A,,,,,,,strong rotation role: GP >= 50 and MPG >= 22; real role fallback: MPG >= 22; real role fallback: GP >= 55 and MPG >= 20; portable shooting core; production support: EWA/VORP/BPM/PER,1,3.0%,
signal_combination,1A,,,,,,,strong rotation role: GP >= 50 and MPG >= 22; real role fallback: MPG >= 22; real role fallback: GP >= 55 and MPG >= 20; creator/scorer core; young productive core; value support: valueNoPot >= 55; value support: contractValue >= 55; production support: EWA/VORP/BPM/PER,1,3.0%,
signal_combination,1A,,,,,,,strong rotation role: GP >= 50 and MPG >= 22; real role fallback: MPG >= 22; real role fallback: GP >= 55 and MPG >= 20; young productive core; value support: contractValue >= 55,1,3.0%,
signal_combination,1A,,,,,,,real role fallback: MPG >= 22; creator/scorer core; portable shooting core; value support: valueNoPot >= 55; value support: contractValue >= 55; production support: EWA/VORP/BPM/PER,1,3.0%,
signal_combination,1A,,,,,,,real role fallback: MPG >= 22; portable shooting core; young productive core; value support: valueNoPot >= 55; value support: contractValue >= 55; production support: EWA/VORP/BPM/PER,1,3.0%,
signal_combination,1A,,,,,,,strong rotation role: GP >= 50 and MPG >= 22; real role fallback: MPG >= 22; young productive core; value support: valueNoPot >= 55; value support: contractValue >= 55; production support: EWA/VORP/BPM/PER,1,3.0%,
entrant_signal_pass_count,1A,,,,,,,strong rotation role: GP >= 50 and MPG >= 22,21,63.6%,
entrant_signal_pass_count,1A,,,,,,,real role fallback: MPG >= 22,28,84.8%,
entrant_signal_pass_count,1A,,,,,,,real role fallback: GP >= 55 and MPG >= 20,25,75.8%,
entrant_signal_pass_count,1A,,,,,,,creator/scorer core,17,51.5%,
entrant_signal_pass_count,1A,,,,,,,portable shooting core,10,30.3%,
entrant_signal_pass_count,1A,,,,,,,young productive core,15,45.5%,
entrant_signal_pass_count,1A,,,,,,,connector/defense core,6,18.2%,
entrant_signal_pass_count,1A,,,,,,,value support: valueNoPot >= 55,23,69.7%,
entrant_signal_pass_count,1A,,,,,,,value support: contractValue >= 55,25,75.8%,
entrant_signal_pass_count,1A,,,,,,,production support: EWA/VORP/BPM/PER,30,90.9%,
module_entrant_count,1B-B,,,,,,,,17,2.7%,
entrants_by_current_tier,1B-B,,LOW_END_STARTER,SOLID_STARTER,,,,,17,100.0%,
entrants_by_pool,1B-B,all_active,,,,,,,17,2.7%,
entrants_by_pool,1B-B,rostered_active,,,,,,,15,3.3%,
entrants_by_pool,1B-B,top15_roster_proxy,,,,,,,15,3.5%,
entrants_by_pool,1B-B,contract_relevant,,,,,,,5,1.6%,
bpm_bucket,1B-B,,,,,,,BPM >= 1,16,94.1%,
bpm_bucket,1B-B,,,,,,,0 <= BPM < 1,1,5.9%,
signal_combination,1B-B,,,,,,,role: starterShare >= 0.65; role: GS >= 50; role: MPG >= 31; value core: valueNoPot >= 60 and contractValue >= 60; production: BPM >= 1; production: EWA >= 5; production: VORP >= 1; production: PER >= 16; extra: BPM >= 1.5; extra: EWA >= 6; extra: VORP >= 1.5; extra: PER >= 17; extra: defense/rebounding/connector support,6,35.3%,
signal_combination,1B-B,,,,,,,role: starterShare >= 0.65; role: GS >= 50; role: MPG >= 31; value core: valueNoPot >= 60 and contractValue >= 60; production: BPM >= 1; production: EWA >= 5; production: VORP >= 1; production: PER >= 16; extra: EWA >= 6; extra: VORP >= 1.5; extra: PER >= 17; extra: defense/rebounding/connector support,2,11.8%,
signal_combination,1B-B,,,,,,,role: starterShare >= 0.65; role: GS >= 50; role: MPG >= 31; value core: valueNoPot >= 60 and contractValue >= 60; production: BPM >= 1; production: EWA >= 5; production: VORP >= 1; production: PER >= 16; extra: BPM >= 1.5; extra: EWA >= 6; extra: VORP >= 1.5; extra: PER >= 17; extra: defense/rebounding/connector support; extra: shooting/spacing support,2,11.8%,
signal_combination,1B-B,,,,,,,role: starterShare >= 0.65; role: GS >= 50; value core: valueNoPot >= 60 and contractValue >= 60; production: BPM >= 1; production: VORP >= 1; extra: BPM >= 1.5; extra: VORP >= 1.5; extra: defense/rebounding/connector support; extra: shooting/spacing support,1,5.9%,
signal_combination,1B-B,,,,,,,role: starterShare >= 0.65; role: GS >= 50; value core: valueNoPot >= 60 and contractValue >= 60; production: EWA >= 5; production: VORP >= 1; production: PER >= 16; extra: EWA >= 6; extra: PER >= 17; extra: defense/rebounding/connector support,1,5.9%,
signal_combination,1B-B,,,,,,,role: starterShare >= 0.65; role: GS >= 50; role: MPG >= 31; value core: valueNoPot >= 60 and contractValue >= 60; production: BPM >= 1; production: EWA >= 5; production: VORP >= 1; production: PER >= 16; extra: BPM >= 1.5; extra: EWA >= 6; extra: VORP >= 1.5; extra: defense/rebounding/connector support,1,5.9%,
signal_combination,1B-B,,,,,,,role: starterShare >= 0.65; role: GS >= 50; value core: valueNoPot >= 60 and contractValue >= 60; production: BPM >= 1; production: VORP >= 1; production: PER >= 16; extra: BPM >= 1.5; extra: VORP >= 1.5; extra: defense/rebounding/connector support; extra: age <= 27 with value/pot support,1,5.9%,
signal_combination,1B-B,,,,,,,role: starterShare >= 0.65; role: GS >= 50; value core: valueNoPot >= 60 and contractValue >= 60; production: BPM >= 1; production: EWA >= 5; production: VORP >= 1; production: PER >= 16; extra: BPM >= 1.5; extra: VORP >= 1.5; extra: PER >= 17; extra: defense/rebounding/connector support,1,5.9%,
signal_combination,1B-B,,,,,,,role: starterShare >= 0.65; role: GS >= 50; role: MPG >= 31; value core: valueNoPot >= 60 and contractValue >= 60; production: BPM >= 1; production: VORP >= 1; production: PER >= 16; extra: BPM >= 1.5; extra: VORP >= 1.5; extra: defense/rebounding/connector support; extra: age <= 27 with value/pot support,1,5.9%,
signal_combination,1B-B,,,,,,,role: starterShare >= 0.65; role: GS >= 50; role: MPG >= 31; value core: valueNoPot >= 60 and contractValue >= 60; production: BPM >= 1; production: EWA >= 5; production: VORP >= 1; production: PER >= 16; extra: BPM >= 1.5; extra: EWA >= 6; extra: VORP >= 1.5; extra: PER >= 17; extra: defense/rebounding/connector support; extra: age <= 27 with value/pot support,1,5.9%,
entrant_signal_pass_count,1B-B,,,,,,,role: starterShare >= 0.65,17,100.0%,
entrant_signal_pass_count,1B-B,,,,,,,role: GS >= 50,17,100.0%,
entrant_signal_pass_count,1B-B,,,,,,,role: MPG >= 31,13,76.5%,
entrant_signal_pass_count,1B-B,,,,,,,value core: valueNoPot >= 60 and contractValue >= 60,17,100.0%,
entrant_signal_pass_count,1B-B,,,,,,,production: BPM >= 1,16,94.1%,
entrant_signal_pass_count,1B-B,,,,,,,production: EWA >= 5,14,82.4%,
entrant_signal_pass_count,1B-B,,,,,,,production: VORP >= 1,17,100.0%,
entrant_signal_pass_count,1B-B,,,,,,,production: PER >= 16,16,94.1%,
entrant_signal_pass_count,1B-B,,,,,,,extra: BPM >= 1.5,14,82.4%,
entrant_signal_pass_count,1B-B,,,,,,,extra: EWA >= 6,13,76.5%,
entrant_signal_pass_count,1B-B,,,,,,,extra: VORP >= 1.5,16,94.1%,
entrant_signal_pass_count,1B-B,,,,,,,extra: PER >= 17,13,76.5%,
entrant_signal_pass_count,1B-B,,,,,,,extra: defense/rebounding/connector support,17,100.0%,
entrant_signal_pass_count,1B-B,,,,,,,extra: shooting/spacing support,3,17.6%,
entrant_signal_pass_count,1B-B,,,,,,,extra: age <= 27 with value/pot support,3,17.6%,
entrant_signal_pass_count,1B-B,,,,,,,BPM<0 exception path,0,0.0%,
conflict_count,combined,,,,,,,,0,0.0%,
focus_transition_count,1A,,YOUNG_UPSIDE_SUSPECT,HIGH_END_ROTATION,,,,,11,42.3%,11 of 26 current YOUNG_UPSIDE_SUSPECT
focus_transition_count,1A,,VETERAN_ROTATION_GUARD,HIGH_END_ROTATION,,,,,10,71.4%,10 of 14 current VETERAN_ROTATION_GUARD
focus_transition_count,1A,,MINIMUM_LEVEL,HIGH_END_ROTATION,,,,,6,1.3%,6 of 460 current MINIMUM_LEVEL
focus_transition_count,1B-B,,LOW_END_STARTER,SOLID_STARTER,,,,,17,27.0%,17 of 63 current LOW_END_STARTER
named_status,1B-B,,LOW_END_STARTER,SOLID_STARTER,H-02,boundary40,Ben Simmons,,1,,Ben Simmons H-02: LOW_END_STARTER -> SOLID_STARTER; module 1B-B; point 24.99 vs human $30.00M-$35.00M; direction too_low; gap 5.01M
named_status,1B-B,,LOW_END_STARTER,SOLID_STARTER,V20-11,validation20,Anthony Davis,,1,,Anthony Davis V20-11: LOW_END_STARTER -> SOLID_STARTER; module 1B-B; point 23.66 vs human $24.00M-$28.00M; direction too_low; gap 0.34M
