pid,name,team,pos,age,height_in,ratings_hgt,ovr,skills,gp,mpg,bpm,obpm,dbpm,pm100,onOff100,impact_gap_pm100,impact_gap_onoff,dbpm_vs_onoff_gap,stl_per36,blk_per36,trb_per36,ast_per36,usage,archetype
1519,Ja Morant,SAC,PG,26,74,33,69,B;Ps;V,69,35.27,7.4249,5.8058,1.6192,-2.67,-4.29,10.0975,11.7107,5.9050,0.991,0.311,8.49,8.120,29.52,small_guard
570,D'Angelo Russell,DET,PG,29,75,38,57,Ps,73,25.42,2.7955,2.5120,0.2835,-1.29,-8.37,4.0822,11.1622,8.6502,1.048,0.194,4.68,7.703,23.47,normal_guard
189,Jawun Evans,MIA,PG,29,72,30,57,Ps,24,20.82,0.1533,-0.6990,0.8523,-3.04,-10.64,3.1907,10.7942,11.4932,1.225,0.360,2.95,7.134,15.08,small_guard
225,Rudy Gobert,UTA,C,33,85,77,55,Di;Po;R,81,10.51,-0.8109,-1.4003,0.5893,-1.35,-10.30,0.5410,9.4863,10.8866,0.803,1.775,11.84,2.071,11.13,defensive_profile
610,Jayson Tatum,BOS,F,27,80,51,58,,23,23.70,-6.3037,-4.5793,-1.7244,-8.23,-15.72,1.9304,9.4146,13.9939,0.858,0.594,5.28,0.990,18.13,playmaking_big_or_wing
722,Deni Avdija,PHO,SF,24,81,56,65,3;Ps;R;V,56,29.92,7.1554,4.8875,2.2679,2.67,-1.86,4.4872,9.0110,4.1234,1.246,0.731,7.95,6.597,23.66,playmaking_big_or_wing
1784,TyTy Washington Jr.,LAL,PG,24,75,36,62,,70,26.96,1.4696,1.5484,-0.0787,-3.74,-7.19,5.2134,8.6584,7.1101,1.278,0.095,4.84,3.109,23.80,normal_guard
1288,Jared Harper,LAL,PG,28,70,19,58,3;B;Ps,67,25.05,2.7457,2.6018,0.1439,-3.33,-5.82,6.0805,8.5677,5.9659,1.137,0.215,1.93,8.624,20.25,small_guard
589,Ben Simmons,PHI,PG,29,82,64,69,A;Di;Dp;Po;Ps;R,71,31.21,8.4407,3.7285,4.7122,6.98,0.06,1.4652,8.3777,4.6492,2.080,1.868,8.14,6.288,18.19,normal_guard
1779,Brad Wanamaker,NOL,PG,36,75,36,53,Ps,72,13.59,2.7873,1.7737,1.0136,-4.33,-5.55,7.1175,8.3420,6.5683,0.957,0.110,5.01,8.391,15.65,normal_guard
361,Skal Labissière,HOU,FC,29,82,65,56,Di,28,20.71,-3.8676,-3.5391,-0.3285,-14.77,-12.19,10.9047,8.3175,11.8566,1.117,1.614,7.95,2.421,18.28,playmaking_big_or_wing
749,Darius Bazley,POR,FC,25,80,55,68,A;Di;Dp;Po;R,82,32.45,1.5488,1.3720,0.1768,-4.32,-6.71,5.8687,8.2617,6.8897,1.678,2.192,10.07,1.948,21.82,playmaking_big_or_wing
1525,Keegan Murray,SA,F,25,80,52,55,3,74,14.86,-4.3347,-1.8409,-2.4938,-12.22,-12.51,7.8888,8.1739,10.0147,0.557,0.426,6.81,0.819,20.24,playmaking_big_or_wing
1523,Trey Murphy III,PHO,SF,25,80,52,56,,38,10.96,-4.3246,-3.3611,-0.9635,-7.19,-12.22,2.8674,7.8931,11.2542,0.778,0.346,6.31,1.383,18.10,playmaking_big_or_wing
1472,Miles McBride,NYK,PG,25,74,26,58,3,79,22.24,-1.5748,-0.1299,-1.4450,-8.67,-9.21,7.0946,7.6400,7.7699,1.311,0.225,2.85,4.303,23.19,small_guard
210,Markelle Fultz,PHI,G,27,76,40,65,Ps,62,30.04,3.0449,1.2084,1.8364,4.53,-4.57,-1.4868,7.6153,6.4069,1.720,0.213,5.10,5.471,18.49,normal_guard
1298,Scoot Henderson,LAC,PG,21,75,38,63,A;Dp;V,69,30.49,2.2827,2.0709,0.2118,2.49,-5.03,-0.2044,7.3118,5.2409,1.232,0.855,5.92,3.148,22.03,normal_guard
665,Hassan Whiteside,PHO,C,36,84,73,57,Di;Po;R,73,14.10,-0.5980,-0.7681,0.1701,-1.99,-7.74,1.3893,7.1441,7.9122,0.805,0.980,14.20,3.009,20.12,playmaking_big_or_wing
204,De'Aaron Fox,SAC,PG,28,75,35,68,Dp;Ps,80,33.73,3.0149,1.1328,1.8821,-2.27,-3.92,5.2834,6.9324,5.7997,2.188,0.293,5.22,6.723,19.69,normal_guard
482,Frank Ntilikina,OKC,G,27,76,37,60,Ps,77,23.77,2.3744,0.8852,1.4892,-2.50,-4.46,4.8760,6.8375,5.9523,1.731,0.413,4.68,9.145,15.07,normal_guard
1413,Anthony Lamb,IND,SF,27,78,44,52,,82,11.69,-4.2963,-2.1108,-2.1855,-9.19,-10.83,4.8910,6.5363,8.6472,0.789,0.301,7.66,1.277,17.29,wing
1618,Austin Reaves,UTA,G,27,77,41,55,3,64,18.27,1.2745,1.6386,-0.3641,3.04,-5.24,-1.7621,6.5114,4.8728,0.831,0.246,4.06,4.434,20.41,normal_guard
927,Simisola Shittu,DET,PF,25,82,58,58,Di,82,18.12,-1.7455,-2.8475,1.1020,-1.93,-8.15,0.1826,6.4001,9.2476,2.278,0.945,6.47,1.090,14.94,defensive_profile
282,Rondae Hollis-Jefferson,BKN,F,30,78,52,57,,79,12.87,-3.4165,-3.8058,0.3892,-2.15,-9.80,-1.2684,6.3855,10.1913,0.956,0.142,7.50,3.256,16.31,playmaking_big_or_wing
333,Nikola Jokić,MIA,C,30,83,66,67,Di;Po;Ps;R,76,31.22,8.2424,5.2201,3.0224,5.00,1.95,3.2383,6.2876,1.0675,1.138,0.668,12.12,10.590,21.21,playmaking_big_or_wing
1603,Jason Preston,IND,PG,26,76,33,62,3;Ps,79,31.57,5.9043,4.7130,1.1913,-1.11,-0.36,7.0108,6.2672,1.5542,1.039,0.188,7.19,8.386,21.20,normal_guard
241,Blake Griffin,LAC,FC,36,81,55,53,Ps;R,70,11.27,5.6035,3.2916,2.3120,4.40,-0.54,1.2014,6.1441,2.8525,0.593,0.274,8.67,9.355,21.16,playmaking_big_or_wing
646,Kemba Walker,CHA,PG,35,72,27,57,Ps,63,19.56,-0.0638,0.4175,-0.4813,-1.21,-6.12,1.1468,6.0594,5.6419,1.168,0.058,3.48,5.229,18.52,small_guard
136,Robert Covington,MIN,FC,35,79,53,53,3,24,19.63,-5.6983,-5.2722,-0.4261,-16.39,-11.70,10.6900,6.0047,11.2769,1.605,0.840,3.97,1.910,13.93,big
247,James Harden,TOR,G,36,77,51,66,3;Po;Ps;V,79,31.21,8.6189,6.6042,2.0147,2.57,2.66,6.0514,5.9553,-0.6489,1.081,0.716,7.35,9.594,25.53,normal_guard
891,Marcus Derrickson,NYK,PF,29,79,48,56,,70,16.36,-3.3724,-1.0658,-2.3066,-10.10,-9.23,6.7261,5.8546,6.9204,1.006,0.283,6.82,1.949,20.91,playmaking_big_or_wing
1558,KZ Okpala,ORL,PF,26,80,52,54,,74,14.25,-3.9946,-2.6788,-1.3158,-16.93,-9.82,12.9322,5.8278,8.5066,1.263,1.332,4.85,0.785,21.38,playmaking_big_or_wing
1744,Isaiah Todd,CHI,PF,24,82,56,60,A;Di;R,24,26.19,-0.9800,0.0727,-1.0527,-5.96,-6.80,4.9813,5.8219,5.7493,1.203,1.776,8.76,1.088,23.43,playmaking_big_or_wing
100,Kentavious Caldwell-Pope,OKC,SG,32,77,40,63,3,63,28.82,-0.9629,-1.0541,0.0912,-3.76,-6.76,2.7937,5.7940,6.8480,1.665,0.178,6.52,3.648,19.11,normal_guard
433,Khris Middleton,CHI,GF,34,79,48,63,,62,31.94,1.9130,1.0870,0.8260,-4.58,-3.72,6.4975,5.6357,4.5487,1.200,0.127,5.94,4.690,21.72,playmaking_big_or_wing
447,Malik Monk,CHA,SG,27,75,33,73,3;Ps;V,64,34.86,11.2768,9.3921,1.8847,5.46,5.65,5.8199,5.6234,-3.7687,1.468,0.274,6.15,6.857,29.80,normal_guard
1512,Moses Moody,ATL,SG,23,77,41,57,,73,13.80,-2.7042,-2.4396,-0.2646,-6.85,-8.17,4.1502,5.4672,7.9068,1.537,0.679,5.08,1.430,14.35,normal_guard
1444,Théo Maledon,BKN,PG,24,76,40,61,Ps,80,30.93,3.6711,2.2248,1.4463,4.49,-1.70,-0.8206,5.3757,3.1510,0.888,0.175,3.56,10.563,15.99,normal_guard
727,Marvin Bagley III,MIL,FC,26,82,64,76,A;Di;Dp;Po;Ps;R;V,62,37.34,11.5923,7.9235,3.6687,2.16,6.27,9.4371,5.3237,-2.5998,1.882,0.747,13.78,8.414,29.76,playmaking_big_or_wing
1717,Julian Strawther,LAC,GF,23,79,46,60,3,79,21.83,-0.3198,0.1539,-0.4737,1.71,-5.55,-2.0303,5.2292,5.0753,1.211,0.919,6.89,1.649,19.50,playmaking_big_or_wing
1449,Nico Mannion,SA,PG,24,74,31,57,Ps,51,28.36,2.5823,2.2523,0.3300,-4.86,-2.63,7.4426,5.2087,2.9564,0.846,0.100,4.33,9.832,19.07,small_guard
455,Markieff Morris,SA,PF,36,81,57,55,,82,12.01,-2.6809,-1.5115,-1.1693,-9.08,-7.84,6.3958,5.1542,6.6658,0.804,0.365,6.87,4.129,19.21,playmaking_big_or_wing
468,Jamal Murray,DEN,G,28,76,38,65,Dp;Ps,59,30.93,4.3867,3.0693,1.3173,-3.89,-0.72,8.2758,5.1095,2.0402,1.539,0.572,6.53,7.694,23.39,normal_guard
732,LaMelo Ball,BOS,PG,24,79,52,68,3;Ps;R;V,74,34.52,6.0960,5.1368,0.9592,1.23,1.03,4.8658,5.0703,-0.0664,1.043,0.493,10.91,7.258,21.59,normal_guard
182,Henry Ellenson,DET,FC,28,82,57,67,3;Di;Po;R;V,56,32.70,4.6310,4.7471,-0.1161,2.95,-0.41,1.6848,5.0394,0.2924,1.042,0.413,9.89,5.111,25.98,playmaking_big_or_wing
1451,Tre Mann,DEN,PG,24,75,33,59,3;V,57,27.41,3.4599,3.3546,0.1053,-4.45,-1.57,7.9110,5.0316,1.6771,0.876,0.184,5.85,5.092,24.15,normal_guard
14,Kyle Anderson,WAS,F,32,81,55,56,Di,67,21.46,-2.5338,-3.1377,0.6039,-6.51,-7.53,3.9758,4.9934,8.1312,1.327,1.302,6.11,2.304,10.37,defensive_profile
904,Luka Dončić,NOL,G,26,78,48,74,A;Di;Dp;Po;Ps;R;V,78,36.82,10.4112,6.2975,4.1137,1.38,5.49,9.0358,4.9221,-1.3754,1.918,0.614,10.91,9.000,23.40,normal_guard
1620,Cam Reddish,LAL,SF,26,80,55,69,Di;Dp,67,34.82,3.7411,1.5897,2.1513,-0.35,-0.90,4.0866,4.6384,3.0487,2.453,1.543,8.33,3.641,19.17,playmaking_big_or_wing
330,Stanley Johnson,OKC,F,29,78,44,57,,79,24.21,-3.8398,-3.1081,-0.7317,-4.39,-8.31,0.5488,4.4666,7.5747,1.393,0.376,5.02,1.788,14.88,wing
1674,Day'Ron Sharpe,HOU,C,24,83,63,54,Di;R,77,13.23,-2.4969,-3.2154,0.7185,-10.88,-6.86,8.3829,4.3643,7.5797,1.485,1.767,9.93,0.919,12.78,defensive_profile
1347,Jaime Jaquez Jr.,NOL,SF,24,78,45,52,,79,10.63,-8.0498,-5.2149,-2.8349,-9.92,-12.40,1.8712,4.3485,9.5634,1.072,0.129,4.93,1.372,20.19,playmaking_big_or_wing
1328,Feron Hunt,DAL,SF,26,80,52,58,,78,17.48,-3.0677,-3.2779,0.2103,-5.40,-7.35,2.3284,4.2836,7.5616,1.743,1.030,6.18,1.135,17.99,wing
803,Troy Brown Jr.,WAS,SF,26,78,44,75,3;Di;Po;Ps;R;V,72,37.22,10.2355,6.9944,3.2410,0.23,5.96,10.0038,4.2737,-2.7208,1.585,0.363,9.82,8.612,25.98,playmaking_big_or_wing
443,Nikola Mirotić,GSW,PF,34,82,59,53,3,74,13.55,-5.8871,-4.0807,-1.8064,-8.52,-10.11,2.6310,4.2236,8.3043,1.077,0.539,7.07,0.970,17.68,wing
1739,JT Thor,IND,PF,23,82,58,54,,79,21.77,-1.0704,-1.9067,0.8363,-3.96,-5.27,2.8859,4.1994,6.1062,1.402,2.093,8.18,1.402,10.82,wing
1314,Chet Holmgren,DET,FC,23,85,67,54,,82,12.47,-2.9566,-2.8122,-0.1443,-2.10,-7.10,-0.8552,4.1404,6.9526,0.986,1.901,6.62,1.303,19.12,playmaking_big_or_wing
1578,Reggie Perry,DAL,PF,25,80,56,57,Di;Po;R,78,12.07,-3.6573,-3.5442,-0.1132,-6.50,-7.78,2.8468,4.1201,7.6643,1.224,1.415,9.48,1.262,18.20,playmaking_big_or_wing
236,Draymond Green,GSW,F,35,78,60,61,Di;Ps,59,29.74,4.6825,2.0303,2.6522,-0.63,0.63,5.3149,4.0572,2.0269,1.272,1.641,8.27,8.105,14.96,playmaking_big_or_wing
1729,Tyrell Terry,POR,PG,25,74,33,63,,69,27.95,2.6732,1.7036,0.9695,-2.79,-1.35,5.4677,4.0235,2.3199,2.147,0.149,5.08,4.555,23.10,small_guard
649,John Wall,WAS,PG,35,75,42,53,Ps,50,17.13,-2.5851,-1.6638,-0.9213,-6.80,-6.50,4.2173,3.9107,5.5745,0.420,0.378,3.57,10.847,15.18,normal_guard
1422,Saben Lee,PHI,PG,26,74,30,74,3;B;Dp;Ps;V,61,37.16,8.7467,6.3054,2.4413,9.01,4.85,-0.2680,3.8982,-2.4072,2.017,0.191,4.32,8.481,26.46,small_guard
719,Cole Anthony,ORL,PG,25,74,33,61,,54,30.11,2.7873,1.8218,0.9656,-10.35,-1.07,13.1420,3.8566,2.0349,1.793,0.199,5.49,3.985,22.01,small_guard
639,Fred VanVleet,TOR,G,31,72,32,62,3;Ps,69,23.98,3.6605,3.3495,0.3109,1.45,-0.19,2.2114,3.8536,0.5041,1.066,0.239,4.63,7.268,20.10,small_guard
1384,Georgios Kalaitzakis,LAC,SF,26,80,52,59,3;V,73,24.26,5.1056,4.4902,0.6154,5.53,1.27,-0.4274,3.8384,-0.6518,0.447,0.508,3.98,6.301,22.68,playmaking_big_or_wing
46,Malik Beasley,TOR,SG,29,76,39,62,3,80,22.17,-0.8066,0.1779,-0.9845,-0.97,-4.59,0.1668,3.7832,3.6053,1.604,0.670,5.87,2.903,19.53,normal_guard
1712,Jaden Springer,ATL,G,23,76,35,77,3;Di;Dp;Ps;V,71,36.62,13.6881,8.8349,4.8532,2.60,9.94,11.0875,3.7458,-5.0891,3.309,1.080,7.71,5.594,31.65,normal_guard
1703,Zhaire Smith,GSW,GF,26,75,43,78,3;Di;Dp;Po;Ps;R;V,57,37.53,8.9609,6.7018,2.2591,1.42,5.25,7.5400,3.7112,-2.9906,2.188,0.320,8.82,4.948,27.80,defensive_profile
312,LeBron James,CLE,GF,41,81,63,57,Ps;R,76,28.67,1.5522,-0.3577,1.9099,-1.67,-2.09,3.2188,3.6446,4.0023,1.239,0.264,8.06,6.262,19.69,playmaking_big_or_wing
1381,Nikola Jović,MIA,PF,22,82,60,61,3,82,21.90,2.4430,1.3729,1.0700,3.57,-1.20,-1.1280,3.6426,2.2697,1.083,0.441,6.10,3.669,23.42,playmaking_big_or_wing
1279,Josh Hall,NYK,SF,25,81,56,47,,68,10.16,-3.5670,-2.8692,-0.6978,-9.49,-7.21,5.9198,3.6387,6.5079,0.729,1.459,5.89,1.303,14.14,wing
1733,Cam Thomas,POR,SG,24,76,41,59,,82,24.60,-2.3492,-0.5573,-1.7919,-4.99,-5.86,2.6390,3.5156,4.0728,0.981,0.321,3.91,1.713,21.67,normal_guard
1327,De'Andre Hunter,CHI,SF,28,80,48,55,3,76,10.28,-6.3608,-4.4306,-1.9302,-10.59,-9.80,4.2315,3.4420,7.8726,1.152,0.691,4.93,0.737,22.61,playmaking_big_or_wing
734,Paolo Banchero,MEM,PF,23,82,58,66,Po;R;V,82,32.95,4.8739,5.8369,-0.9629,4.51,1.47,0.3689,3.4039,-2.4329,0.866,0.546,10.69,3.851,30.27,playmaking_big_or_wing
359,Kyle Kuzma,MIL,F,30,81,51,57,,76,20.98,-2.8630,-2.5324,-0.3306,-4.12,-6.10,1.2598,3.2330,5.7654,0.948,0.248,5.80,3.567,20.69,playmaking_big_or_wing
347,Luke Kennard,DET,SG,29,77,40,72,3;A;B;Di;Dp;Ps;V,71,36.72,7.0062,5.0160,1.9902,4.47,3.80,2.5382,3.2058,-1.8102,1.698,0.318,6.39,6.310,22.29,normal_guard
1429,Dereck Lively II,MIA,C,21,85,70,62,Di;R,79,25.58,0.0081,-0.9843,0.9924,2.68,-3.17,-2.6715,3.1747,4.1590,0.944,2.085,9.39,1.247,16.43,defensive_profile
830,Stephon Castle,MIA,PG,21,78,45,57,,82,24.10,-0.7376,-1.2690,0.5315,2.28,-3.89,-3.0205,3.1529,4.4220,1.184,0.237,3.41,3.242,20.12,normal_guard
1283,R.J. Hampton,POR,G,24,76,40,59,,82,20.49,2.9562,1.9807,0.9754,-2.16,-0.10,5.1133,3.0566,1.0759,1.307,0.364,4.48,8.356,19.25,normal_guard
774,Brandon Boston Jr.,BOS,GF,24,79,44,66,Dp;V,76,33.37,0.8167,0.0699,0.7468,0.09,-2.16,0.7229,2.9778,2.9078,2.228,1.121,4.78,0.937,22.30,playmaking_big_or_wing
877,Dyson Daniels,NYK,G,22,80,49,65,Dp,74,31.12,2.7732,1.7938,0.9794,-3.58,-0.10,6.3522,2.8745,1.0807,2.032,0.922,8.33,5.018,16.64,normal_guard
138,Allen Crabbe,PHO,GF,33,77,44,60,3,76,23.25,0.6349,0.7955,-0.1606,2.53,-2.19,-1.8945,2.8200,2.0245,0.754,0.224,4.62,3.646,18.58,wing
634,Tyler Ulis,MEM,PG,29,70,20,57,Ps,82,20.19,2.8633,2.3202,0.5431,4.06,0.05,-1.1976,2.8148,0.4946,1.435,0.304,3.54,11.718,14.79,small_guard
382,Kevon Looney,GSW,FC,29,81,67,51,Di,77,10.40,-4.6275,-4.1427,-0.4849,-6.87,-7.39,2.2382,2.7606,6.9033,0.809,1.843,8.00,1.168,10.65,defensive_profile
39,Will Barton,ATL,GF,34,77,46,55,,77,13.17,-1.1419,-1.3412,0.1993,-3.66,-3.89,2.5218,2.7499,4.0911,0.959,0.213,6.21,5.895,14.96,wing
310,Justin Jackson,CHA,F,30,80,48,61,3,71,26.52,-2.5980,-1.4712,-1.1268,0.20,-5.35,-2.8025,2.7490,4.2202,1.147,1.109,6.18,1.338,18.20,playmaking_big_or_wing
1640,Mitchell Robinson,CHI,C,27,84,71,56,Di;R,73,13.00,-3.2694,-3.5568,0.2874,-7.23,-5.92,3.9560,2.6507,6.2075,1.441,0.569,9.10,1.138,12.89,defensive_profile
856,Isaiah Collier,NYK,PG,21,75,34,56,,59,17.21,-4.0501,-2.7538,-1.2963,-8.49,-6.66,4.4443,2.6146,5.3684,1.453,0.142,5.71,3.332,19.57,normal_guard
1504,Yves Missi,MIL,C,21,83,64,59,Di;R,68,27.50,0.7942,-0.9681,1.7623,-1.42,-1.80,2.2152,2.5907,3.5588,1.116,2.194,9.57,1.925,17.04,defensive_profile
1187,Chris Duarte,MIL,GF,28,78,44,58,3;V,60,32.68,-0.7636,-0.2043,-0.5593,-2.16,-3.34,1.4000,2.5772,2.7814,0.881,0.147,4.13,2.423,24.54,playmaking_big_or_wing
467,Dejounte Murray,ATL,G,29,77,46,58,,60,23.23,-0.3029,-1.4533,1.1504,-2.56,-2.77,2.2598,2.4658,3.9191,1.421,0.232,8.73,6.097,15.85,normal_guard
414,CJ McCollum,BOS,G,34,75,36,62,,64,26.61,-0.0025,-0.5667,0.5642,-0.48,-2.36,0.4726,2.3578,2.9246,1.437,0.190,5.24,5.072,20.55,normal_guard
1269,Quentin Grimes,CHA,SG,25,77,37,58,3,75,16.27,-3.9795,-2.1301,-1.8494,-1.34,-6.28,-2.6385,2.3051,4.4352,1.416,0.059,4.60,0.974,17.78,normal_guard
1604,Joshua Primo,DET,GF,23,78,37,75,3;Dp;Ps;V,51,37.74,9.3216,6.5296,2.7920,6.80,7.05,2.5251,2.2678,-4.2618,1.964,0.468,5.57,5.574,23.67,playmaking_big_or_wing
736,Dalano Banton,TOR,PG,26,81,57,68,Di;Po;R;V,50,30.73,4.8792,4.1753,0.7040,3.21,2.70,1.6645,2.1786,-1.9966,1.617,2.039,10.17,3.726,24.35,normal_guard
1828,Cassius Winston,IND,PG,27,73,26,59,3;B;Ps;V,71,27.95,4.1642,4.9881,-0.8240,0.02,1.99,4.1402,2.1711,-2.8170,0.635,0.127,2.41,8.708,24.97,small_guard
1709,Omari Spellman,SA,FC,28,80,56,59,,69,27.16,-1.4871,-0.8602,-0.6268,-5.08,-3.58,3.5904,2.0936,2.9538,0.999,1.652,8.43,1.690,18.76,playmaking_big_or_wing
882,Terence Davis,PHO,SG,28,76,37,60,3;V,42,24.78,-0.5438,0.2491,-0.7929,1.83,-2.59,-2.3714,2.0481,1.7990,1.003,0.000,6.43,3.736,23.42,normal_guard
1361,Jalen Johnson,SAC,F,24,81,52,59,Ps,72,22.64,1.0360,0.5652,0.4708,-1.61,-0.99,2.6497,2.0301,1.4649,0.773,0.508,6.23,5.852,18.07,playmaking_big_or_wing
775,James Bouknight,POR,SG,25,77,37,62,V,82,27.94,0.7181,2.3266,-1.6086,-2.58,-1.14,3.2993,1.8558,-0.4708,0.990,0.251,7.43,3.206,22.88,normal_guard
1276,Tyrese Haliburton,UTA,G,25,77,41,59,Ps,71,28.50,-0.2172,0.2965,-0.5137,5.74,-2.02,-5.9550,1.8013,1.5048,0.836,0.285,3.93,9.394,18.10,normal_guard
96,Jimmy Butler,CHA,GF,36,79,48,59,,66,26.14,-2.5533,-1.9396,-0.6137,0.56,-4.34,-3.1111,1.7870,3.7266,1.168,0.501,6.30,2.587,17.75,wing
374,Kawhi Leonard,DEN,SF,34,79,51,57,,81,19.59,0.1675,0.1884,-0.0209,-4.44,-1.57,4.6091,1.7398,1.5513,0.930,0.726,6.31,4.310,21.83,playmaking_big_or_wing
786,Miles Bridges,MIN,F,27,79,50,67,A;Di;Dp,69,33.56,2.1598,0.9052,1.2546,-5.96,0.44,8.1231,1.7242,0.8190,1.850,0.777,7.00,4.011,18.15,playmaking_big_or_wing
1543,Zeke Nnaji,DEN,PF,24,81,63,58,Di;R,68,22.53,-1.5481,-1.8874,0.3394,-5.50,-3.27,3.9546,1.7190,3.6065,1.269,2.115,8.79,1.410,17.54,defensive_profile
1662,Jordan Schakel,MEM,GF,27,78,44,59,3,66,24.78,-0.7472,0.2254,-0.9726,2.61,-2.42,-3.3535,1.6734,1.4480,1.079,0.242,5.70,2.796,17.48,wing
1510,Adam Mokoka,LAL,GF,27,76,40,56,3,59,20.71,-4.2126,-2.1165,-2.0961,-4.04,-5.87,-0.1760,1.6558,3.7723,0.796,0.324,3.33,1.355,20.84,wing
33,Lonzo Ball,LAL,PG,28,78,47,77,3;A;B;Di;Dp;Ps;R;V,21,35.99,13.7722,8.2635,5.5087,9.85,12.14,3.9205,1.6308,-6.6327,2.620,0.953,10.15,11.051,26.54,normal_guard
284,Rodney Hood,HOU,GF,33,80,51,54,,79,14.53,-2.6716,-1.5373,-1.1343,-8.79,-4.23,6.1159,1.5552,3.0925,0.721,0.345,3.61,2.572,19.44,playmaking_big_or_wing
541,Ivan Rabb,HOU,PF,28,82,66,60,Di;Po;R,76,22.27,-0.0711,-0.4212,0.3501,-6.66,-1.52,6.5879,1.4488,1.8700,1.340,1.085,10.57,3.850,20.22,playmaking_big_or_wing
1239,Darius Garland,CLE,G,25,73,33,58,3,46,30.11,-2.1740,-1.1450,-1.0290,-3.03,-3.54,0.8558,1.3704,2.5155,0.832,0.182,3.51,2.209,16.86,small_guard
578,Dennis Schröder,ATL,G,32,73,28,56,Ps,82,20.28,1.2369,0.5294,0.7076,-0.83,-0.10,2.0673,1.3342,0.8048,1.104,0.130,4.42,8.681,20.17,small_guard
1411,Jonathan Kuminga,MIA,F,23,80,48,53,,82,10.49,-4.3596,-4.6839,0.3243,-0.17,-5.61,-4.1939,1.2541,5.9380,1.926,0.502,5.82,1.047,13.48,wing
896,Gradey Dick,ORL,SG,22,78,44,56,3,80,22.10,-3.8152,-1.8738,-1.9414,-12.51,-5.04,8.6957,1.2254,3.0992,0.713,0.305,4.22,1.874,21.45,normal_guard
533,Dwight Powell,DAL,FC,34,82,63,57,Di;R,68,13.58,-0.9303,-1.6422,0.7119,-2.21,-2.13,1.2806,1.2025,2.8448,0.897,0.741,9.44,3.588,14.13,playmaking_big_or_wing
1768,Franz Wagner,MEM,SF,24,82,60,64,3;V,77,28.46,4.8922,3.8596,1.0327,5.73,3.77,-0.8352,1.1227,-2.7369,1.216,0.641,7.13,4.978,21.81,playmaking_big_or_wing
146,Stephen Curry,GSW,PG,37,74,37,61,3;Ps;V,73,30.73,3.1686,3.3162,-0.1476,-0.06,2.12,3.2331,1.0446,-2.2716,0.578,0.193,6.42,6.996,26.31,small_guard
219,Paul George,WAS,GF,35,80,51,66,Di,70,32.86,0.2173,-0.1056,0.3229,-2.05,-0.83,2.2720,1.0429,1.1485,1.721,0.501,5.96,3.818,22.39,playmaking_big_or_wing
842,Josh Christopher,BKN,SG,24,77,34,63,,68,28.36,0.0566,-0.7618,0.8185,4.63,-0.97,-4.5738,1.0287,1.7905,1.419,0.243,4.85,3.584,19.11,normal_guard
1533,RJ Nembhard Jr.,PHI,SG,26,77,41,59,,70,17.27,-0.1048,-0.7563,0.6515,6.20,-1.08,-6.3018,0.9771,1.7335,1.400,0.298,3.84,3.633,16.52,normal_guard
1666,Jay Scrubb,LAC,SG,25,77,44,56,,82,10.56,-6.5755,-5.1909,-1.3846,-0.99,-7.46,-5.5863,0.8850,6.0759,1.747,0.707,5.78,1.081,15.15,normal_guard
1671,Collin Sexton,NYK,G,26,75,29,69,3;Ps;V,35,33.08,7.0352,5.7997,1.2354,0.87,6.23,6.1609,0.8060,-4.9937,1.493,0.311,6.00,6.312,26.94,small_guard
940,DJ Steward,LAL,SG,23,74,29,52,,64,10.05,-3.8244,-2.4192,-1.4052,-3.83,-4.60,0.0085,0.7792,3.1984,1.399,0.112,5.65,1.063,16.61,small_guard
1340,Jaren Jackson Jr.,MEM,FC,26,82,68,65,Di;Po;V,76,28.99,-1.1845,-0.9052,-0.2794,3.16,-1.95,-4.3442,0.7702,1.6753,1.650,2.141,6.93,1.242,23.35,playmaking_big_or_wing
1266,Jalen Green,OKC,SG,23,76,45,72,A;Dp;Po;V,70,37.17,10.3945,8.9177,1.4768,3.19,9.68,7.2046,0.7114,-8.2063,1.148,1.093,7.28,4.608,38.29,normal_guard
1203,Vince Edwards,CLE,SF,29,80,47,49,,71,11.00,-3.1061,-2.6405,-0.4655,-3.74,-3.76,0.6376,0.6525,3.2930,1.383,0.277,4.15,1.798,15.13,wing
163,DeMar DeRozan,MIN,F,36,78,44,49,,71,17.01,-1.2236,-1.4591,0.2354,-7.44,-1.86,6.2146,0.6350,2.0941,0.715,0.060,4.56,7.391,18.13,playmaking_big_or_wing
1794,Jaylen Wells,MEM,GF,22,79,48,58,3,70,16.95,-2.1853,-0.6008,-1.5845,2.08,-2.79,-4.2605,0.6033,1.2041,0.940,0.425,4.67,1.638,16.51,wing
1692,Alen Smailagić,PHO,FC,25,82,60,58,,82,15.09,-1.3823,-2.0149,0.6326,2.38,-1.97,-3.7652,0.5887,2.6036,1.135,2.124,6.08,0.640,17.28,big
1467,Bennedict Mathurin,IND,GF,23,78,50,52,,80,17.40,-3.8666,-1.5262,-2.3404,-3.83,-4.40,-0.0372,0.5358,2.0620,0.647,0.466,5.48,0.957,21.02,playmaking_big_or_wing
1428,Nassir Little,CLE,F,25,77,47,65,A;Di;Dp,64,32.50,-0.4756,-0.8799,0.4043,-1.20,-1.00,0.7260,0.5243,1.4042,2.111,1.333,5.37,1.263,20.66,playmaking_big_or_wing
812,Jared Butler,NOL,G,25,75,30,66,3;B;Ps;V,57,32.03,2.7280,2.0805,0.6474,1.07,2.24,1.6593,0.4834,-1.5971,2.090,0.177,2.98,4.614,24.09,small_guard
1250,Shai Gilgeous-Alexander,OKC,G,27,78,41,60,Dp,73,27.14,1.4199,-0.1260,1.5459,0.39,0.99,1.0348,0.4278,0.5538,1.853,0.618,5.00,6.104,16.10,normal_guard
1644,Ryan Rollins,MIN,PG,23,76,37,50,,65,15.82,-4.7384,-3.1906,-1.5478,-9.84,-4.99,5.1027,0.2494,3.4400,0.665,0.105,4.97,3.396,19.29,normal_guard
901,Donte DiVincenzo,ATL,SG,28,76,43,58,3,69,18.82,-3.4385,-2.1908,-1.2477,-3.23,-3.66,-0.2109,0.2223,2.4131,1.137,0.721,5.13,2.468,17.17,normal_guard
532,Kristaps Porziņģis,UTA,FC,30,86,77,62,A;Di;Po;V,27,22.99,-2.5811,-1.6135,-0.9677,5.92,-2.76,-8.5004,0.1770,1.7905,0.754,2.319,6.90,1.102,21.78,playmaking_big_or_wing
485,David Nwaba,MIL,GF,32,77,49,54,,71,21.75,-0.7394,-2.7152,1.9757,-1.00,-0.86,0.2571,0.1232,2.8383,1.632,0.210,5.50,5.200,14.13,wing
906,Ayo Dosunmu,HOU,SG,25,77,46,69,3;Di;Dp,54,36.00,7.0629,4.2688,2.7942,-2.27,6.96,9.3284,0.1039,-4.1649,2.000,0.407,6.57,8.315,21.52,normal_guard
1517,Wendell Moore Jr.,WAS,SG,24,77,40,53,,78,10.68,-6.5160,-3.8036,-2.7125,-6.93,-6.61,0.4163,0.0967,3.9003,0.994,0.432,5.14,1.426,23.49,normal_guard
1598,Quinten Post,TOR,PF,25,84,69,52,3;R,82,11.49,-2.0222,-0.8465,-1.1757,-0.05,-2.12,-1.9713,0.0937,0.9402,0.802,1.031,8.25,1.299,16.12,defensive_profile
462,Emmanuel Mudiay,DEN,PG,29,75,33,58,Ps,61,23.17,1.3895,0.9540,0.4355,-2.66,1.30,4.0520,0.0884,-0.8656,0.993,0.178,6.32,9.858,19.25,normal_guard
122,John Collins,ATL,PF,28,81,69,61,Di;Po;R,72,28.62,-2.6789,-2.5363,-0.1426,-2.08,-2.74,-0.5993,0.0608,2.5971,0.996,1.817,10.83,1.642,17.09,defensive_profile
1651,Luka Šamanić,NYK,PF,25,82,59,72,3;Di;Po;Ps;R;V,77,35.96,6.7841,5.8500,0.9340,-1.50,6.76,8.2810,0.0262,-5.8239,1.235,1.495,9.67,6.058,27.52,playmaking_big_or_wing
263,Gordon Hayward,BOS,F,35,79,48,62,Ps,53,27.92,3.6722,1.8230,1.8493,3.15,3.65,0.5186,0.0178,-1.8052,1.217,0.195,7.59,6.205,20.92,playmaking_big_or_wing
1705,Jeremy Sochan,ORL,PF,22,80,55,69,Di;Dp;R,68,36.21,2.1153,0.0512,2.0641,-8.92,2.13,11.0376,-0.0165,-0.0676,2.895,1.784,10.19,2.558,17.28,defensive_profile
1417,Jake LaRavia,ATL,PF,24,80,50,57,3,72,18.89,-4.0968,-2.5550,-1.5419,-3.43,-4.06,-0.6659,-0.0374,2.5176,0.794,0.900,6.80,1.244,18.95,playmaking_big_or_wing
1318,Jett Howard,SAC,SF,22,80,48,53,3,82,10.85,-4.9665,-3.1078,-1.8587,-4.84,-4.92,-0.1260,-0.0477,3.0601,0.405,0.931,5.46,1.093,18.64,playmaking_big_or_wing
309,Josh Jackson,PHO,GF,28,80,51,63,Di;Po,71,26.98,-2.2541,-1.9763,-0.2778,2.63,-2.15,-4.8852,-0.1066,1.8697,1.503,0.676,7.22,1.748,21.42,playmaking_big_or_wing
404,Lauri Markkanen,CHI,F,28,84,64,64,3;Di;Po;R,75,28.91,0.2456,1.0372,-0.7916,-2.51,0.48,2.7535,-0.2359,-1.2731,0.930,1.046,11.04,2.025,23.31,playmaking_big_or_wing
53,Dragan Bender,WAS,FC,28,84,66,53,3,76,11.55,-4.2660,-3.5892,-0.6768,-4.84,-4.02,0.5763,-0.2417,3.3474,0.861,1.723,5.91,1.231,14.99,big
1479,Jaden McDaniels,SAC,F,25,81,60,63,Di;R,76,28.29,-0.7205,-0.7124,-0.0080,-1.25,-0.47,0.5251,-0.2473,0.4651,1.574,1.741,8.84,1.423,18.99,playmaking_big_or_wing
739,Scottie Barnes,UTA,F,24,79,50,74,A;Di;Dp;Po;Ps;R;V,63,32.77,8.3706,6.9624,1.4082,10.83,8.63,-2.4582,-0.2592,-7.2216,2.162,1.133,11.23,4.795,25.15,playmaking_big_or_wing
501,Georgios Papagiannis,TOR,C,28,85,59,55,,82,15.64,-3.2988,-2.8754,-0.4235,-0.49,-3.03,-2.8127,-0.2709,2.6045,1.291,1.123,7.97,1.544,13.13,big
772,Jordan Bone,ORL,PG,28,74,35,62,B;Ps,56,29.98,1.9655,1.2066,0.7589,-8.43,2.25,10.3945,-0.2890,-1.4956,1.544,0.214,4.31,7.376,20.58,small_guard
1555,Josh Okogie,SA,SG,27,76,42,68,Di;Dp,65,34.64,2.2234,1.4689,0.7545,-2.08,2.59,4.3048,-0.3665,-1.8354,1.871,0.672,5.85,3.262,21.56,normal_guard
1469,Tyrese Maxey,MIN,G,25,74,33,47,,82,11.34,-8.5796,-5.8307,-2.7489,-12.36,-8.11,3.7773,-0.4680,5.3627,0.813,0.077,2.28,2.052,20.45,small_guard
1294,Sam Hauser,UTA,F,28,80,48,56,3,74,13.84,0.3901,1.2327,-0.8426,7.40,0.92,-7.0101,-0.5290,-1.7617,0.914,0.211,5.03,1.406,17.61,wing
1427,E.J. Liddell,MIL,PF,25,79,48,62,3;A;Po;R;V,37,20.70,-0.5033,-0.5007,-0.0026,-0.43,0.05,-0.0772,-0.5557,-0.0550,0.987,0.658,9.26,3.337,23.56,playmaking_big_or_wing
1339,Isaiah Jackson,BKN,C,23,82,60,70,Di;Dp;Po;R,82,31.24,4.0869,0.4722,3.6147,6.79,4.73,-2.6981,-0.6391,-1.1113,2.965,2.417,9.05,1.911,20.37,playmaking_big_or_wing
1247,Josh Giddey,SA,GF,23,80,52,72,3;Di;Ps;R;V,65,37.22,7.0872,6.0564,1.0308,-0.18,7.78,7.2651,-0.6962,-6.7526,1.503,0.684,11.41,7.202,26.42,playmaking_big_or_wing
71,Devin Booker,PHO,G,29,78,40,63,Ps;V,49,29.10,5.7174,3.8962,1.8212,7.84,6.42,-2.1198,-0.7045,-4.6007,1.212,0.227,5.20,8.533,22.80,normal_guard
1478,Jalen McDaniels,BKN,SF,27,81,59,57,Po;R,82,15.31,-4.2606,-4.2077,-0.0529,2.72,-3.53,-6.9844,-0.7352,3.4725,1.319,1.434,8.03,0.889,21.79,playmaking_big_or_wing
834,Justin Champagnie,LAC,SF,24,78,44,77,3;A;Di;Dp;Po;R;V,62,35.86,6.2545,5.2917,0.9628,7.92,7.06,-1.6618,-0.8055,-6.0973,1.975,1.133,10.49,4.064,25.46,playmaking_big_or_wing
1588,Brandin Podziemski,HOU,SG,22,77,35,56,3,81,24.53,-1.7754,-1.6917,-0.0837,-6.22,-0.87,4.4463,-0.9085,0.7832,1.160,0.236,6.31,5.201,15.68,normal_guard
444,Donovan Mitchell,UTA,G,29,75,35,72,3;B;Dp;Po;Ps;V,58,35.92,7.1747,6.3330,0.8416,10.55,8.12,-3.3739,-0.9465,-7.2795,1.400,0.138,4.53,5.513,29.51,normal_guard
1201,Kessler Edwards,DEN,SF,25,80,48,60,3,82,28.35,-0.0643,0.8882,-0.9526,-3.13,0.88,3.0705,-0.9469,-1.8351,1.456,1.239,8.28,0.960,21.52,playmaking_big_or_wing
752,Juhann Begarin,MEM,G,23,77,42,63,3,80,28.76,0.2645,0.0650,0.1996,4.59,1.32,-4.3261,-1.0573,-1.1223,2.128,0.469,5.37,2.144,18.23,normal_guard
108,Willie Cauley-Stein,MEM,C,32,84,66,60,Di;R,56,20.20,-1.7366,-1.7806,0.0440,3.60,-0.60,-5.3363,-1.1319,0.6487,1.686,1.114,8.62,1.336,16.86,defensive_profile
517,London Perrantes,DAL,PG,31,74,43,61,,81,26.47,0.7332,-0.0621,0.7953,0.29,1.88,0.4454,-1.1481,-1.0860,0.957,0.403,5.34,6.112,17.70,small_guard
1824,Zion Williamson,DAL,PF,25,78,48,81,A;B;Di;Dp;Po;Ps;R;V,72,36.77,13.2449,8.9823,4.2625,4.21,14.44,9.0312,-1.1935,-10.1758,2.529,2.475,12.58,7.180,34.04,playmaking_big_or_wing
1814,Jaylin Williams,POR,FC,23,80,61,56,R,82,14.10,-2.1531,-1.8497,-0.3034,-2.68,-0.82,0.5281,-1.3324,0.5173,0.810,0.592,7.94,2.117,12.68,defensive_profile
200,Yogi Ferrell,PHI,G,32,72,29,61,3;Ps,62,21.18,3.4558,2.2937,1.1620,10.14,4.79,-6.6891,-1.3329,-3.6266,1.069,0.247,3.59,6.168,18.09,small_guard
1432,Kenneth Lofton Jr.,MIN,PF,23,79,50,55,Po,68,23.07,-2.2995,-1.2006,-1.0989,-6.72,-0.95,4.4219,-1.3465,-0.1460,0.620,0.184,8.33,4.704,22.42,playmaking_big_or_wing
1419,A.J. Lawson,DEN,SG,25,78,45,55,,79,10.21,-2.2322,-1.1188,-1.1134,-4.19,-0.87,1.9609,-1.3611,-0.2423,0.803,0.357,4.20,4.642,19.50,normal_guard
1593,Jordan Poole,TOR,G,26,76,37,59,3,82,15.64,-0.6027,0.1226,-0.7253,2.09,0.79,-2.6971,-1.3905,-1.5131,1.292,0.253,3.20,4.661,19.81,normal_guard
1566,Tariq Owens,OKC,PF,30,82,60,54,R,82,10.12,-3.1902,-2.0991,-1.0911,-1.49,-1.75,-1.6961,-1.4359,0.6632,0.954,1.735,9.32,0.781,19.53,playmaking_big_or_wing
712,Ty-Shon Alexander,DEN,SG,27,75,37,57,,61,12.67,-4.2496,-2.7105,-1.5392,-5.73,-2.77,1.4830,-1.4751,1.2354,1.631,0.559,5.64,1.491,17.06,normal_guard
914,Billy Preston,MIN,PF,27,82,59,49,,82,14.55,-3.5191,-3.4889,-0.0302,-7.57,-2.04,4.0513,-1.4814,2.0075,1.267,0.785,7.60,0.935,14.39,wing
37,Harrison Barnes,DAL,F,33,80,51,60,,64,26.03,-0.7363,-0.0026,-0.7337,-0.14,0.75,-0.5938,-1.4831,-1.4805,0.756,0.238,7.09,3.285,19.96,playmaking_big_or_wing
413,Patrick McCaw,GSW,GF,30,79,48,54,,82,17.28,-5.3806,-3.7160,-1.6646,-3.41,-3.79,-1.9752,-1.5930,2.1230,1.296,0.483,4.19,1.448,13.68,wing
86,Jaylen Brown,CHI,GF,29,78,46,56,,71,17.89,-4.0506,-2.7107,-1.3399,-4.39,-2.46,0.3432,-1.5935,1.1172,0.907,0.454,4.28,1.672,17.47,wing
778,Ky Bowman,MIN,PG,28,73,26,58,Ps,71,33.00,0.0627,0.1598,-0.0971,-5.45,1.69,5.5130,-1.6313,-1.7911,1.291,0.338,3.12,7.730,19.66,small_guard
1812,Grant Williams,NOL,PF,27,78,50,54,Po,82,15.75,-4.3162,-2.6409,-1.6753,-1.95,-2.68,-2.3628,-1.6346,1.0063,0.808,0.725,7.95,1.143,19.40,playmaking_big_or_wing
1403,Kevin Knox,PHO,F,26,79,48,70,3;A;Di;Dp;Po;V,72,33.33,2.7318,2.3444,0.3874,5.45,4.37,-2.7178,-1.6414,-3.9858,1.695,0.840,7.46,2.505,23.03,playmaking_big_or_wing
1611,Trevelin Queen,BKN,SG,28,78,44,58,3,73,20.06,0.8404,1.4114,-0.5710,6.71,2.52,-5.8722,-1.6803,-3.0917,0.688,0.197,4.69,1.942,21.42,normal_guard
1840,Trae Young,CLE,PG,27,73,31,73,A;B;Dp;Po;Ps;V,78,38.66,8.9549,6.5745,2.3805,1.80,10.67,7.1566,-1.7169,-8.2913,1.289,0.322,7.78,10.350,26.65,small_guard
1825,Ziaire Williams,CHA,SF,24,81,53,55,,68,11.33,-2.7524,-2.1790,-0.5734,2.19,-1.01,-4.9393,-1.7418,0.4372,1.262,1.075,5.14,1.028,15.11,wing
1683,Anfernee Simons,TOR,SG,26,75,40,64,3,72,28.03,0.3434,1.6562,-1.3128,2.61,2.14,-2.2701,-1.8012,-3.4574,1.409,0.553,6.76,2.783,23.12,normal_guard
907,Devon Dotson,IND,PG,26,74,30,66,3;Ps;V,68,33.33,2.7856,2.4356,0.3500,1.01,4.62,1.7778,-1.8335,-4.2691,2.113,0.254,5.02,3.304,26.53,small_guard
567,Terry Rozier,BOS,G,31,73,34,67,3;Ps,78,33.77,4.4273,2.5352,1.8922,2.96,6.29,1.4627,-1.8625,-4.3977,1.654,0.287,7.49,6.588,19.58,small_guard
745,Keita Bates-Diop,NOL,F,29,80,52,58,,74,21.90,-1.9242,-1.5703,-0.3539,-0.18,-0.05,-1.7480,-1.8694,-0.2992,1.200,1.688,5.86,1.111,16.45,wing
530,Otto Porter Jr.,WAS,F,32,80,51,64,Di,66,30.47,-0.8291,-0.5002,-0.3290,-1.19,1.05,0.3580,-1.8831,-1.3829,1.611,0.573,7.18,2.166,18.57,playmaking_big_or_wing
45,Bradley Beal,IND,SG,32,76,38,66,Ps;V,75,34.62,1.1294,1.4788,-0.3494,0.07,3.03,1.0561,-1.8977,-3.3765,1.400,0.458,8.55,4.021,25.18,normal_guard
762,Anthony Black,LAC,PG,21,79,46,63,,58,29.65,-0.1345,-0.3390,0.2045,5.84,1.78,-5.9720,-1.9120,-1.5729,0.984,1.654,6.24,1.968,16.89,normal_guard
228,Aaron Gordon,SA,F,30,80,52,57,,66,22.20,-2.5121,-1.9028,-0.6093,-3.56,-0.58,1.0459,-1.9357,-0.0328,1.081,0.958,8.60,2.285,17.73,wing
594,Dennis Smith Jr.,PHO,PG,28,74,33,59,Ps,34,19.41,1.3097,0.0117,1.2980,5.57,3.26,-4.2614,-1.9458,-1.9575,1.527,0.055,4.53,8.892,16.39,small_guard
493,Royce O'Neale,OKC,SF,32,76,46,55,,82,18.09,-1.9273,-1.5983,-0.3290,-0.10,0.02,-1.8309,-1.9471,-0.3488,1.213,0.194,6.75,3.664,16.77,playmaking_big_or_wing
1541,Daishen Nix,SAC,G,23,77,41,55,,76,13.15,-5.0811,-4.4963,-0.5848,-3.35,-3.11,-1.7314,-1.9749,2.5214,1.189,0.432,4.54,3.674,11.52,normal_guard
1761,Jarred Vanderbilt,CHA,PF,26,80,49,70,3;Di;Po;Ps;R;V,79,32.63,3.9518,3.3587,0.5931,5.10,6.05,-1.1445,-2.0944,-5.4531,1.997,0.754,10.40,4.385,23.66,playmaking_big_or_wing
270,Willy Hernangómez,PHI,C,31,83,67,66,Di;Po;R,82,26.89,0.0738,-0.4055,0.4792,7.91,2.19,-7.8402,-2.1120,-1.7066,1.323,0.849,9.88,2.939,22.17,playmaking_big_or_wing
1754,Gary Trent Jr.,DAL,GF,26,77,44,60,,77,24.04,-3.2054,-1.9871,-1.2184,-1.10,-0.99,-2.1030,-2.2155,-0.2284,0.758,0.506,5.00,3.208,20.24,wing
1634,Zaccharie Risacher,ORL,SF,20,80,57,53,,64,11.73,-1.8587,-0.9289,-0.9298,-9.40,0.41,7.5384,-2.2641,-1.3352,1.199,1.439,4.80,1.295,20.38,playmaking_big_or_wing
1669,Alperen Şengün,LAC,C,23,83,61,64,Po;R;V,76,29.86,1.1493,0.9113,0.2380,6.29,3.42,-5.1391,-2.2727,-3.1839,1.190,0.809,9.50,4.806,23.01,playmaking_big_or_wing
1193,Tari Eason,DEN,PF,24,80,55,56,R,73,16.78,-1.8377,-1.3030,-0.5347,-3.19,0.45,1.3511,-2.2873,-0.9842,1.617,1.264,7.70,0.882,20.60,playmaking_big_or_wing
300,Brandon Ingram,GSW,F,28,80,50,68,A;B;Di;Dp;Po;Ps,68,34.82,1.3368,1.7249,-0.3881,0.47,3.63,0.8682,-2.2908,-4.0158,1.399,1.307,8.22,3.938,22.11,playmaking_big_or_wing
369,T.J. Leaf,IND,PF,28,82,58,52,,79,13.46,-4.4016,-3.2269,-1.1747,-2.51,-2.10,-1.8963,-2.3062,0.9207,0.812,1.117,8.63,0.880,14.86,wing
873,Jarrett Culver,HOU,GF,26,78,41,56,,75,26.98,-1.3084,-0.8670,-0.4415,-5.29,1.03,3.9816,-2.3396,-1.4726,1.050,0.356,4.89,4.947,21.64,playmaking_big_or_wing
1715,Lamar Stevens,PHI,F,28,78,52,55,Po,74,18.17,-3.8360,-2.6321,-1.2039,6.03,-1.39,-9.8660,-2.4447,0.1874,0.910,0.402,6.02,1.017,19.77,playmaking_big_or_wing
1688,Jericho Sims,CLE,FC,27,82,56,51,A;Di;Po;R,82,21.27,-2.9583,-2.5247,-0.4337,-0.97,-0.44,-1.9848,-2.5189,0.0057,1.321,1.941,11.68,1.280,17.02,defensive_profile
710,Nickeil Alexander-Walker,NOL,SG,27,77,40,61,3,76,28.88,-2.9346,-1.7479,-1.1867,-0.33,-0.41,-2.6093,-2.5289,-0.7810,1.525,0.312,2.76,1.115,20.51,normal_guard
684,Justise Winslow,TOR,GF,29,78,49,59,,78,28.64,-1.7505,-0.9587,-0.7918,1.91,0.80,-3.6610,-2.5506,-1.5918,1.080,0.645,7.88,2.514,14.68,wing
883,Tyler Davis,DEN,C,28,82,47,58,,67,12.66,-2.4343,-1.5792,-0.8551,-3.37,0.17,0.9351,-2.5996,-1.0204,1.443,0.722,6.20,2.631,19.66,playmaking_big_or_wing
1434,Didi Louzada,SA,GF,26,77,41,61,3,60,29.52,-2.4008,-1.4488,-0.9520,-3.08,0.21,0.6776,-2.6127,-1.1639,1.504,0.244,3.54,1.138,19.32,defensive_profile
246,Tim Hardaway Jr.,BKN,GF,33,77,40,55,,82,10.57,-2.0938,-2.1692,0.0755,5.54,0.52,-7.6291,-2.6164,-0.4472,0.831,0.166,3.82,5.110,16.96,wing
1796,Victor Wembanyama,MIN,FC,21,87,85,65,Di;Po;R;V,64,31.72,2.9417,1.3148,1.6269,-3.42,5.57,6.3662,-2.6238,-3.9386,1.135,3.228,10.04,2.394,26.40,playmaking_big_or_wing
472,Larry Nance Jr.,CHI,FC,32,80,61,57,Di;R,77,21.10,-2.3663,-3.0513,0.6850,-2.56,0.28,0.1949,-2.6452,0.4061,1.573,0.532,9.26,1.462,15.09,defensive_profile
134,DeMarcus Cousins,NOL,C,35,82,68,61,Di;Po;Ps;R,72,29.76,-1.7791,-1.7100,-0.0691,0.27,0.89,-2.0456,-2.6704,-0.9604,1.092,1.159,9.29,3.612,20.28,playmaking_big_or_wing
1697,Jabari Smith Jr.,BKN,PF,22,83,60,72,3;Di;R;V,62,33.14,4.1647,3.7217,0.4431,8.41,6.86,-4.2490,-2.6920,-6.4137,1.279,1.279,8.34,1.489,23.85,playmaking_big_or_wing
1296,Jaxson Hayes,MIA,C,25,84,64,70,A;Di;Dp;Po;R;V,68,33.22,3.8141,2.0580,1.7561,7.02,6.54,-3.2091,-2.7306,-4.7886,1.881,2.184,11.43,1.817,24.88,playmaking_big_or_wing
1373,Herbert Jones,DEN,F,27,80,44,59,,65,24.88,-4.5520,-3.7269,-0.8251,-4.57,-1.80,0.0139,-2.7497,0.9772,1.648,0.557,8.15,1.225,17.07,wing
233,Jerian Grant,CHI,G,33,76,37,67,3;B;Ps,58,33.07,8.1089,5.3786,2.7303,2.88,10.89,5.2241,-2.7811,-8.1598,1.539,0.169,6.31,11.431,20.66,normal_guard
1315,Jalen Hood-Schifino,BOS,SG,22,78,42,57,,64,20.32,-3.7895,-2.8191,-0.9705,0.22,-0.97,-4.0091,-2.8235,-0.0045,1.522,0.415,5.07,1.578,20.51,normal_guard
1459,Jeremiah Martin,ORL,PG,29,75,30,56,B;Ps,66,26.63,-0.1326,0.2076,-0.3402,-8.19,2.77,8.0560,-2.9008,-3.1084,0.983,0.143,3.91,7.948,21.22,small_guard
1829,James Wiseman,MEM,C,24,84,70,57,Di;Po,77,11.98,-2.8060,-2.0845,-0.7215,4.11,0.10,-6.9129,-2.9027,-0.8182,0.585,2.732,9.01,0.898,22.33,playmaking_big_or_wing
866,Ricky Council IV,TOR,GF,24,78,41,57,V,58,26.44,-2.6691,-0.1369,-2.5322,1.72,0.26,-4.3889,-2.9273,-2.7904,0.939,0.493,3.64,1.573,24.82,playmaking_big_or_wing
1506,Davion Mitchell,LAL,PG,27,74,22,55,,67,13.02,-7.0470,-5.8391,-1.2079,-3.10,-4.00,-3.9473,-3.0430,2.7962,2.147,0.165,4.71,1.858,15.78,small_guard
125,Zach Collins,POR,FC,28,83,62,58,,78,23.20,-2.4764,-2.4295,-0.0469,-1.77,0.61,-0.7103,-3.0876,-0.6581,1.134,1.333,7.38,2.507,16.57,big
760,Goga Bitadze,PHI,C,26,83,63,57,Di;Po;R,80,14.02,-4.1991,-2.7930,-1.4060,6.17,-1.08,-10.3700,-3.1141,-0.3211,0.546,0.610,7.51,1.059,21.29,playmaking_big_or_wing
1191,Jalen Duren,PHI,C,22,82,67,62,Di;Po;R,78,24.32,0.5390,-0.0496,0.5886,8.87,3.70,-8.3347,-3.1649,-3.1153,1.556,1.784,11.56,1.063,17.13,defensive_profile
345,Frank Kaminsky,CHA,FC,32,84,66,59,,70,20.75,-1.4928,-0.7598,-0.7329,4.08,1.70,-5.5684,-3.1944,-2.4346,0.744,1.760,7.51,1.562,19.72,playmaking_big_or_wing
1716,Isaiah Stewart,HOU,FC,24,80,55,65,Di;Po;R,68,30.61,-0.5390,-0.4956,-0.0434,-4.53,2.68,3.9888,-3.2177,-2.7221,1.591,1.799,9.79,1.280,21.81,playmaking_big_or_wing
799,Greg Brown III,OKC,F,24,79,52,66,A;Di;Dp,76,31.07,-0.4460,-0.5928,0.1468,1.05,2.89,-1.4965,-3.3322,-2.7394,1.754,1.967,9.29,2.180,22.01,playmaking_big_or_wing
1813,Jalen Williams,POR,GF,24,78,49,57,,82,11.77,-4.5478,-3.2742,-1.2736,-3.01,-1.21,-1.5345,-3.3405,-0.0663,1.007,0.410,5.71,1.380,16.21,wing
941,D.J. Stewart Jr.,GSW,SG,25,78,44,53,,42,16.84,-3.8026,-2.1859,-1.6166,-1.30,-0.39,-2.5065,-3.4165,-1.2306,0.662,0.865,5.24,1.527,14.70,normal_guard
1695,Dru Smith,CLE,SG,28,75,33,49,,72,11.37,-7.8757,-6.0974,-1.7782,-4.26,-4.46,-3.6136,-3.4179,2.6795,1.275,0.176,4.13,1.583,12.54,normal_guard
1672,Landry Shamet,LAC,SG,28,76,37,58,3,78,19.15,1.7672,2.2670,-0.4999,8.06,5.19,-6.2913,-3.4202,-5.6873,0.844,0.337,3.45,2.266,17.57,normal_guard
116,Marquese Chriss,MIL,PF,28,81,64,61,Di;R,67,29.00,1.1877,-0.6885,1.8761,1.90,4.62,-0.7082,-3.4303,-2.7419,1.834,0.889,7.26,3.002,18.90,playmaking_big_or_wing
849,Nic Claxton,CLE,C,26,83,63,48,Po;R,65,16.71,-2.5051,-2.4503,-0.0548,-0.04,0.94,-2.4616,-3.4492,-0.9990,0.895,1.160,9.05,1.392,14.18,defensive_profile
779,Malaki Branham,TOR,G,22,76,43,61,,71,19.91,-2.3478,-0.7310,-1.6168,2.27,1.11,-4.6204,-3.4533,-2.7223,1.299,0.662,6.11,1.655,20.49,normal_guard
1295,Jordan Hawkins,DAL,SG,23,77,44,59,3,77,20.52,-2.5209,-1.4369,-1.0840,0.06,1.06,-2.5810,-3.5778,-2.1410,0.980,0.296,5.03,1.936,19.65,normal_guard
1197,Anthony Edwards,MIN,SG,24,76,41,68,A;Dp;Po;V,82,36.42,-0.6378,0.6304,-1.2682,-5.42,2.94,4.7778,-3.5791,-4.2095,1.362,0.470,6.36,1.145,23.86,normal_guard
590,Jonathon Simmons,ATL,GF,36,78,44,57,,66,14.57,-1.2165,-1.4275,0.2110,1.04,2.40,-2.2565,-3.6172,-2.1896,1.048,0.150,6.07,5.991,18.04,playmaking_big_or_wing
1659,Alex Sarr,CHI,FC,20,84,68,55,,66,14.17,-0.1337,-0.5721,0.4385,-0.05,3.50,-0.0831,-3.6365,-3.0643,0.924,2.580,6.62,1.733,21.61,playmaking_big_or_wing
184,Joel Embiid,PHI,C,31,84,74,65,A;Di;Po;R;V,65,28.94,-0.0898,-0.4185,0.3287,8.82,3.57,-8.9102,-3.6643,-3.2458,0.842,1.799,10.14,2.239,24.96,playmaking_big_or_wing
1799,Coby White,ATL,G,25,77,40,58,3,82,25.39,-2.9773,-0.9407,-2.0366,-0.41,0.77,-2.5656,-3.7469,-2.8062,0.761,0.259,5.08,1.695,21.07,normal_guard
379,Damian Lillard,POR,PG,35,74,35,57,Ps,79,18.73,3.9889,3.3976,0.5913,2.80,7.81,1.1848,-3.8207,-7.2183,0.876,0.097,4.79,11.459,18.40,small_guard
1348,DeJon Jarreau,SA,SG,27,77,41,58,3,51,21.91,-2.4878,-1.7373,-0.7505,-2.18,1.41,-0.3050,-3.8996,-2.1624,0.934,0.580,6.41,5.026,21.08,normal_guard
1737,Ausar Thompson,MIN,SF,22,79,49,58,Dp;R,79,28.04,-0.5617,-0.3305,-0.2312,-4.61,3.47,4.0498,-4.0295,-3.6990,1.544,0.796,11.18,1.837,17.14,defensive_profile
1532,Andrew Nembhard,GSW,G,25,77,37,59,3,49,25.10,-3.8662,-2.4786,-1.3876,-0.82,0.23,-3.0423,-4.0922,-1.6136,1.434,0.263,3.92,2.342,17.52,normal_guard
362,Jeremy Lamb,MIL,GF,33,77,45,47,,82,15.25,-4.4427,-4.1587,-0.2840,-0.71,-0.35,-3.7341,-4.0926,0.0661,0.634,0.115,4.00,4.320,15.54,wing
1322,Kevin Huerter,PHO,GF,27,79,48,63,3,62,29.68,4.1561,1.8859,2.2702,8.14,8.25,-3.9840,-4.0970,-5.9828,1.487,1.037,4.50,4.852,15.31,playmaking_big_or_wing
250,Aaron Harrison,SAC,SG,31,78,45,58,3,82,20.53,-2.9644,-1.5958,-1.3687,-0.37,1.15,-2.5950,-4.1170,-2.5212,0.877,0.406,4.45,1.519,16.56,normal_guard
1236,Daniel Gafford,BKN,FC,27,82,64,61,A;Di;Dp;Po;R,63,21.75,-1.7502,-2.3809,0.6307,6.69,2.39,-8.4393,-4.1428,-1.7618,1.865,1.025,9.85,1.156,22.25,playmaking_big_or_wing
20,OG Anunoby,UTA,F,28,79,48,67,3;Di;Dp,74,29.66,2.0246,1.7243,0.3003,9.49,6.25,-7.4629,-4.2211,-5.9454,1.312,0.361,6.41,3.313,16.41,playmaking_big_or_wing
1586,Scotty Pippen Jr.,BOS,PG,25,73,26,53,,53,11.89,-4.0074,-2.6338,-1.3736,1.21,0.41,-5.2160,-4.4131,-1.7793,0.743,0.114,3.37,3.541,18.75,small_guard
417,Chris McCullough,CLE,PF,30,83,55,57,,63,25.47,-2.9277,-2.3818,-0.5458,0.18,1.52,-3.1040,-4.4506,-2.0688,1.054,1.144,6.84,1.548,17.80,wing
180,Kevin Durant,GSW,GF,37,83,64,49,Ps,81,10.19,-4.2673,-2.7827,-1.4846,-0.64,0.43,-3.6242,-4.6927,-1.9100,0.262,0.960,5.28,5.627,18.48,playmaking_big_or_wing
527,Jakob Poeltl,UTA,C,30,84,78,64,Di;Po;R,76,25.16,1.2634,0.5847,0.6787,9.83,6.05,-8.5712,-4.7873,-5.3720,1.148,2.485,9.56,1.562,17.47,defensive_profile
153,Anthony Davis,NOL,FC,32,82,66,66,A;Di;Po;R,56,30.26,0.9892,0.5219,0.4673,3.20,5.84,-2.2126,-4.8468,-5.3687,1.083,2.656,10.66,1.593,19.65,playmaking_big_or_wing
591,Kobi Simmons,MEM,G,28,77,40,58,,76,19.90,1.4515,0.7375,0.7140,7.95,6.32,-6.5007,-4.8700,-5.6075,1.452,0.405,4.59,5.712,14.71,normal_guard
1211,Tosan Evbuomwan,NYK,SF,24,80,52,56,,77,21.80,-3.7311,-2.3996,-1.3315,-2.87,1.15,-0.8596,-4.8839,-2.4843,0.901,0.729,7.94,2.724,17.18,wing
1675,Shaedon Sharpe,MIA,SG,22,78,44,62,,71,28.97,-1.1732,-0.3081,-0.8651,6.05,3.81,-7.2232,-4.9857,-4.6777,1.085,0.438,5.22,1.243,21.85,normal_guard
279,Jrue Holiday,CHI,G,35,76,43,58,Ps,71,23.43,-0.2006,-1.0321,0.8315,0.09,4.85,-0.2859,-5.0512,-4.0191,1.428,0.195,4.22,7.336,16.62,normal_guard
1447,Karim Mané,DEN,PG,25,75,41,56,,71,11.02,-1.6331,-0.5650,-1.0681,-0.73,3.45,-0.9025,-5.0832,-4.5182,0.644,0.368,4.00,4.234,19.30,normal_guard
1590,Aleksej Pokusevski,OKC,PF,24,84,67,56,,42,16.39,-2.5264,-2.1326,-0.3938,2.08,2.65,-4.6056,-5.1766,-3.0440,0.575,1.308,7.69,2.354,16.37,wing
1736,Amen Thompson,CHI,SF,22,79,49,59,Dp;R,20,22.08,-1.0004,-1.4587,0.4583,-0.22,4.25,-0.7760,-5.2456,-3.7869,1.956,1.060,7.82,2.119,17.76,defensive_profile
1527,Džanan Musa,LAL,GF,26,81,48,66,3;V,45,32.33,-0.7272,0.5532,-1.2804,2.93,4.60,-3.6607,-5.3227,-5.8759,1.435,0.346,7.10,2.697,27.14,playmaking_big_or_wing
1335,Jaden Ivey,GSW,SG,23,76,39,66,A;B;Dp;V,75,35.83,-0.6827,1.6277,-2.3104,0.50,4.66,-1.1854,-5.3420,-6.9697,1.045,0.710,6.59,1.607,25.50,normal_guard
892,Moussa Diabaté,DET,C,23,83,60,57,Di,38,17.21,-1.5853,-2.1986,0.6133,7.19,3.77,-8.7719,-5.3584,-3.1598,1.156,2.367,7.60,0.771,18.43,playmaking_big_or_wing
716,Jose Alvarado,DET,PG,27,72,22,53,,80,11.40,-3.1610,-1.4599,-1.7011,4.97,2.35,-8.1342,-5.5078,-4.0479,1.066,0.197,1.97,3.750,19.26,small_guard
17,Giannis Antetokounmpo,LAL,GF,31,83,69,70,A;Di;Po;Ps;R,69,33.78,2.8177,2.1636,0.6541,3.50,8.43,-0.6821,-5.6119,-7.7755,1.050,1.220,11.85,3.908,24.52,playmaking_big_or_wing
1496,Brandon Miller,UTA,F,23,81,54,60,3;V,25,17.83,-1.0938,0.4117,-1.5055,10.63,4.55,-11.7242,-5.6448,-6.0565,1.050,0.646,6.06,1.373,21.83,playmaking_big_or_wing
492,Kelly Olynyk,LAC,FC,34,83,64,57,,82,15.71,-2.9175,-2.7153,-0.2023,6.69,2.75,-9.6028,-5.6650,-2.9497,0.922,0.475,6.62,4.919,17.63,playmaking_big_or_wing
1742,Xavier Tillman Sr.,BOS,FC,26,80,56,56,Po,76,15.90,-5.7818,-4.9171,-0.8647,0.79,-0.11,-6.5699,-5.6673,-0.7503,0.894,0.745,8.55,1.758,20.33,playmaking_big_or_wing
875,Cade Cunningham,CHA,G,24,78,45,59,,56,22.45,-1.2271,0.0369,-1.2639,6.16,4.64,-7.3890,-5.8675,-5.9043,0.830,0.315,7.16,2.834,18.07,normal_guard
1762,Devin Vassell,DAL,GF,25,77,41,61,3,82,25.16,-3.0561,-2.7291,-0.3270,0.78,2.83,-3.8384,-5.8891,-3.1600,1.675,0.297,4.57,1.291,15.26,wing
1528,Svi Mykhailiuk,LAL,SF,28,79,48,54,3,82,11.81,-5.0320,-3.1875,-1.8445,0.73,0.94,-5.7663,-5.9720,-2.7845,0.818,0.557,3.98,1.561,17.21,wing
1280,Jordan Hall,OKC,SF,23,79,52,55,,82,13.72,-3.6803,-3.0153,-0.6650,1.61,2.41,-5.2920,-6.0865,-3.0712,1.569,0.608,7.62,1.344,18.55,playmaking_big_or_wing
1775,Cason Wallace,OKC,SG,22,76,42,59,3,61,20.20,-3.5157,-2.3914,-1.1243,1.70,2.63,-5.2187,-6.1503,-3.7589,1.344,1.052,5.81,1.461,14.65,normal_guard
1245,Keyonte George,WAS,G,22,76,42,54,,73,15.91,-3.2942,-1.6488,-1.6454,0.41,2.99,-3.7053,-6.2885,-4.6397,0.558,0.372,4.74,2.448,18.68,normal_guard
280,Justin Holiday,SAC,GF,36,78,44,55,3,72,17.43,-3.5731,-2.5965,-0.9766,0.88,2.80,-4.4496,-6.3693,-3.7728,1.262,0.143,5.08,2.237,16.79,wing
1755,Allonzo Trier,CLE,SG,29,76,41,69,3;Po;Ps;V,71,36.16,1.9673,1.9836,-0.0163,2.20,8.37,-0.2370,-6.4053,-8.3888,1.641,0.435,6.76,2.805,27.26,normal_guard
1268,AJ Griffin,HOU,SF,22,78,48,63,3,67,28.44,-1.7507,-0.8442,-0.9065,-3.38,4.67,1.6295,-6.4194,-5.5752,1.304,0.624,5.93,2.192,20.60,playmaking_big_or_wing
936,Paul Eboua,GSW,PF,25,79,52,55,Di,69,21.78,-4.1519,-3.8261,-0.3258,0.45,2.31,-4.6014,-6.4612,-2.6351,1.414,1.797,6.37,1.102,13.82,defensive_profile
8,Jarrett Allen,BKN,C,27,83,71,72,A;Di;Dp;Po;R;V,82,32.35,4.7574,2.9584,1.7990,8.84,11.34,-4.0875,-6.5847,-9.5431,1.561,1.398,11.22,3.474,23.16,playmaking_big_or_wing
733,Mo Bamba,BOS,C,27,84,75,52,R,82,11.55,-2.8512,-3.5910,0.7398,3.72,3.75,-6.5714,-6.6031,-3.0121,0.912,1.901,8.44,1.445,14.91,defensive_profile
508,Justin Patton,IND,C,28,83,47,55,,55,23.00,-5.7463,-3.6962,-2.0501,-0.34,0.93,-5.4077,-6.6761,-2.9800,1.338,0.541,5.98,1.224,15.31,big
166,Spencer Dinwiddie,CHA,G,32,77,40,61,3;Ps,80,27.85,3.6475,2.7157,0.9318,7.49,10.32,-3.8466,-6.6765,-9.3922,1.066,0.291,4.72,8.998,17.58,normal_guard
1613,Immanuel Quickley,NYK,G,26,75,38,54,3,81,11.20,-5.9829,-2.6730,-3.3099,-2.82,0.93,-3.1662,-6.9161,-4.2431,0.794,0.119,3.65,1.508,20.91,normal_guard
1338,GG Jackson II,ATL,PF,21,81,56,54,,82,10.39,-1.5286,-0.2618,-1.2668,3.52,5.48,-5.0486,-7.0096,-6.7478,0.718,1.478,7.73,1.014,20.79,playmaking_big_or_wing
199,Terrance Ferguson,DET,GF,27,78,44,59,3,28,20.35,-3.8921,-1.8440,-2.0482,5.87,3.15,-9.7583,-7.0452,-5.2013,0.695,0.063,2.72,1.327,15.40,wing
1311,Aaron Holiday,NOL,PG,29,72,35,58,3,70,23.18,0.3658,0.9346,-0.5687,4.25,7.43,-3.8869,-7.0688,-8.0033,0.932,0.177,3.37,3.616,19.94,small_guard
1362,Keldon Johnson,BOS,SF,26,77,44,64,3;V,36,30.79,0.5179,1.8070,-1.2891,6.40,7.69,-5.8823,-7.1719,-8.9789,0.942,0.715,5.36,1.462,23.30,playmaking_big_or_wing
1621,Paul Reed,CHA,FC,26,81,56,56,,76,12.71,-4.0031,-1.9980,-2.0051,5.53,3.35,-9.5341,-7.3540,-5.3560,0.857,1.677,9.91,0.969,22.86,playmaking_big_or_wing
1642,Isaiah Roby,DAL,PF,27,80,52,61,Di;Po,71,26.29,-1.4449,-1.8670,0.4221,2.57,5.95,-4.0135,-7.3900,-5.5230,1.447,1.427,8.53,1.659,18.61,playmaking_big_or_wing
1383,Mfiondu Kabengele,PHO,FC,28,81,61,62,3;Di;Po;R;V,69,28.72,-0.3678,0.4344,-0.8022,7.25,7.05,-7.6137,-7.4200,-7.8544,1.072,1.508,9.83,0.854,24.01,playmaking_big_or_wing
1557,Isaac Okoro,CHI,GF,24,77,44,63,Di;Dp,66,28.88,-0.7529,-1.8903,1.1374,0.74,6.70,-1.4972,-7.4494,-5.5591,2.568,1.076,6.21,1.133,18.58,defensive_profile
354,Furkan Korkmaz,NYK,SG,28,79,47,59,,82,27.14,-3.2507,-1.9142,-1.3365,-1.69,4.21,-1.5616,-7.4608,-5.5466,1.213,0.404,7.05,2.087,17.34,normal_guard
1821,Patrick Williams,WAS,PF,24,79,54,74,A;Di;Dp;Po;R;V,67,35.65,3.6337,3.0197,0.6140,2.72,11.11,0.9151,-7.4724,-10.4921,2.261,2.231,8.88,1.522,26.12,playmaking_big_or_wing
51,Jordan Bell,LAL,C,30,80,71,65,Di;R,71,29.98,3.1327,0.4445,2.6883,4.99,10.72,-1.8572,-7.5877,-8.0322,1.268,2.418,10.72,5.242,16.02,playmaking_big_or_wing
1498,Jordan Miller,ORL,SF,25,79,48,54,,65,15.29,-6.2259,-4.3767,-1.8492,-8.54,1.58,2.3151,-7.8085,-3.4318,0.978,1.014,7.17,1.412,20.99,playmaking_big_or_wing
490,Victor Oladipo,LAC,G,33,75,46,62,,72,25.86,-1.5307,-2.0866,0.5558,8.15,6.28,-9.6809,-7.8089,-5.7223,1.740,0.522,4.79,5.278,18.89,normal_guard
855,Amir Coffey,MIL,GF,28,79,48,56,3;V,67,33.54,-3.4058,-1.6235,-1.7823,1.47,4.46,-4.8790,-7.8636,-6.2401,0.577,0.561,4.39,1.073,23.88,playmaking_big_or_wing
1399,Corey Kispert,CLE,SF,26,79,44,48,3,82,12.23,-6.7062,-4.2981,-2.4081,0.28,1.35,-6.9884,-8.0600,-3.7619,0.862,0.359,3.52,1.293,18.90,playmaking_big_or_wing
253,Gary Harris,DEN,SG,31,76,37,61,3,55,25.81,-4.8924,-3.3249,-1.5675,-1.44,3.21,-3.4495,-8.0975,-4.7726,1.496,0.583,3.73,2.663,18.19,normal_guard
651,Derrick Walton,WAS,PG,30,72,37,58,,66,27.27,-2.3773,-1.6323,-0.7450,1.43,5.74,-3.8101,-8.1196,-6.4873,1.160,0.180,4.44,3.901,18.62,small_guard
631,Myles Turner,IND,C,29,83,70,56,Di,55,26.22,-2.8871,-2.6614,-0.2257,2.41,5.31,-5.2960,-8.1993,-5.5379,0.949,2.097,7.51,1.248,15.42,defensive_profile
1625,Naz Reid,NOL,FC,26,81,60,56,Di;Po;R,78,21.49,-4.4947,-2.9098,-1.5848,2.10,3.88,-6.5955,-8.3792,-5.4694,0.966,1.095,10.67,1.138,19.81,playmaking_big_or_wing
1406,Christian Koloko,MIL,C,25,85,71,59,Di;R,42,24.00,1.2671,-0.7013,1.9684,4.43,9.92,-3.1585,-8.6506,-7.9493,1.321,2.250,8.82,1.464,12.84,defensive_profile
1802,Cam Whitmore,NYK,SF,21,79,45,49,,68,11.22,-2.0088,-0.2271,-1.7818,1.96,6.80,-3.9663,-8.8122,-8.5851,1.132,0.566,5.90,1.132,20.34,playmaking_big_or_wing
256,Tobias Harris,LAL,F,33,80,51,56,,82,17.23,-4.8772,-3.2255,-1.6518,2.89,4.45,-7.7644,-9.3245,-6.0990,0.637,0.433,6.27,2.115,18.97,playmaking_big_or_wing
1713,Cassius Stanley,POR,SG,26,77,44,56,,72,11.15,-2.8471,-1.5996,-1.2475,3.09,6.50,-5.9350,-9.3471,-7.7475,0.986,1.479,4.62,0.762,19.82,normal_guard
65,Eric Bledsoe,PHO,G,36,73,41,55,,24,10.44,-2.4140,-3.1727,0.7588,10.25,6.95,-12.6621,-9.3678,-6.1950,1.580,0.144,4.60,5.316,15.26,small_guard
1619,Josh Reaves,SA,SF,28,76,40,56,Dp,72,17.54,-3.7610,-2.6323,-1.1287,0.72,5.75,-4.4805,-9.5149,-6.8826,1.938,0.912,5.76,1.140,14.61,defensive_profile
1302,Dewan Hernandez,POR,C,29,82,63,57,Di;Po;R,69,20.98,-4.6764,-3.4238,-1.2527,1.05,4.96,-5.7309,-9.6350,-6.2112,0.945,1.443,10.32,1.094,23.70,playmaking_big_or_wing
1316,Talen Horton-Tucker,WAS,G,25,76,37,55,,59,20.00,-6.9181,-4.5744,-2.3437,0.32,2.89,-7.2418,-9.8077,-5.2334,1.037,0.244,2.68,1.373,17.69,normal_guard
1412,Rodions Kurucs,SAC,F,27,81,55,64,3;Di;Po,70,30.17,-1.0309,0.4789,-1.5098,3.42,9.57,-4.4508,-10.6049,-11.0838,1.057,0.682,7.48,1.722,23.11,playmaking_big_or_wing
536,Taurean Prince,ATL,F,31,78,48,60,3,58,28.66,-2.3522,-0.9852,-1.3669,4.07,8.38,-6.4204,-10.7340,-9.7487,0.542,1.061,5.76,2.556,18.64,playmaking_big_or_wing
1461,KJ Martin,SAC,F,24,78,48,66,Di;Dp,65,32.01,1.0300,0.4140,0.6160,4.55,11.81,-3.5219,-10.7778,-11.1918,2.319,1.800,8.15,1.107,20.47,playmaking_big_or_wing
1376,Kai Jones,MIA,C,24,83,61,69,A;Di;Dp;Po;V,73,31.26,4.2465,2.6029,1.6436,10.57,15.05,-6.3261,-10.8076,-13.4104,1.546,2.208,6.91,2.634,22.60,playmaking_big_or_wing
175,Andre Drummond,DET,C,32,83,69,60,Di;Po;R,30,26.20,-1.4064,-2.0626,0.6562,10.75,9.46,-12.1558,-10.8646,-8.8020,1.282,1.236,12.73,2.748,13.74,defensive_profile
1596,Kevin Porter Jr.,SA,GF,25,76,41,58,,60,25.31,-3.1783,-1.3274,-1.8509,1.54,7.70,-4.7213,-10.8749,-9.5475,0.853,0.782,4.53,1.825,20.54,wing
531,Bobby Portis,ORL,FC,30,82,59,61,Di;Po;R,79,28.32,-2.9926,-1.5388,-1.4539,-6.26,7.99,3.2676,-10.9828,-9.4441,0.627,0.692,11.92,3.813,24.36,playmaking_big_or_wing
1699,Nick Smith Jr.,UTA,SG,21,74,41,66,3;V,49,29.23,1.6174,1.9462,-0.3288,15.18,13.28,-13.5585,-11.6654,-13.6116,1.181,0.176,4.85,3.318,21.69,small_guard
572,Domantas Sabonis,TOR,FC,29,82,63,51,Po;R,28,10.05,-4.0890,-2.2794,-1.8096,10.02,8.49,-14.1061,-12.5839,-10.3045,0.384,0.640,9.98,3.199,15.18,playmaking_big_or_wing
1678,Ben Sheppard,MIA,SG,24,78,40,58,3,30,16.56,-4.0658,-4.2120,0.1462,10.81,9.20,-14.8757,-13.2636,-9.0516,1.812,0.435,5.94,2.537,14.57,normal_guard
1363,Keon Johnson,NYK,SG,23,77,38,59,A;Dp,59,22.44,-2.9204,-3.0797,0.1594,4.11,11.48,-7.0334,-14.4041,-11.3243,1.577,1.604,5.82,2.420,15.63,normal_guard