pid,name,team,pos,height_in,ratings_hgt,ovr,diq,skills,gp,mpg,bpm,obpm,dbpm,pm100,onOff100,impact_gap_pm100,impact_gap_onoff,dbpm_vs_onoff_gap,stl_per36,blk_per36,trb_per36,ast_per36,usage,is_suspicious_defense
33,Lonzo Ball,LAL,PG,78,47,77,80,3;A;B;Di;Dp;Ps;R;V,21,35.99,13.7722,8.2635,5.5087,9.85,12.14,3.9205,1.6308,-6.6327,2.620,0.953,10.15,11.051,26.54,NO
589,Ben Simmons,PHI,PG,82,64,69,70,A;Di;Dp;Po;Ps;R,71,31.21,8.4407,3.7285,4.7122,6.98,0.06,1.4652,8.3777,4.6492,2.080,1.868,8.14,6.288,18.19,NO
1824,Zion Williamson,DAL,PF,78,48,81,81,A;B;Di;Dp;Po;Ps;R;V,72,36.77,13.2449,8.9823,4.2625,4.21,14.44,9.0312,-1.1935,-10.1758,2.529,2.475,12.58,7.180,34.04,NO
904,Luka Dončić,NOL,G,78,48,74,67,A;Di;Dp;Po;Ps;R;V,78,36.82,10.4112,6.2975,4.1137,1.38,5.49,9.0358,4.9221,-1.3754,1.918,0.614,10.91,9.000,23.40,NO
727,Marvin Bagley III,MIL,FC,82,64,76,62,A;Di;Dp;Po;Ps;R;V,62,37.34,11.5923,7.9235,3.6687,2.16,6.27,9.4371,5.3237,-2.5998,1.882,0.747,13.78,8.414,29.76,NO
803,Troy Brown Jr.,WAS,SF,78,44,75,77,3;Di;Po;Ps;R;V,72,37.22,10.2355,6.9944,3.2410,0.23,5.96,10.0038,4.2737,-2.7208,1.585,0.363,9.82,8.612,25.98,NO
333,Nikola Jokić,MIA,C,83,66,67,70,Di;Po;Ps;R,76,31.22,8.2424,5.2201,3.0224,5.00,1.95,3.2383,6.2876,1.0675,1.138,0.668,12.12,10.590,21.21,NO
1604,Joshua Primo,DET,GF,78,37,75,70,3;Dp;Ps;V,51,37.74,9.3216,6.5296,2.7920,6.80,7.05,2.5251,2.2678,-4.2618,1.964,0.468,5.57,5.574,23.67,NO
51,Jordan Bell,LAL,C,80,71,65,66,Di;R,71,29.98,3.1327,0.4445,2.6883,4.99,10.72,-1.8572,-7.5877,-8.0322,1.268,2.418,10.72,5.242,16.02,NO
236,Draymond Green,GSW,F,78,60,61,60,Di;Ps,59,29.74,4.6825,2.0303,2.6522,-0.63,0.63,5.3149,4.0572,2.0269,1.272,1.641,8.27,8.105,14.96,NO
1322,Kevin Huerter,PHO,GF,79,48,63,52,3,62,29.68,4.1561,1.8859,2.2702,8.14,8.25,-3.9840,-4.0970,-5.9828,1.487,1.037,4.50,4.852,15.31,YES
722,Deni Avdija,PHO,SF,81,56,65,56,3;Ps;R;V,56,29.92,7.1554,4.8875,2.2679,2.67,-1.86,4.4872,9.0110,4.1234,1.246,0.731,7.95,6.597,23.66,NO
1620,Cam Reddish,LAL,SF,80,55,69,75,Di;Dp,67,34.82,3.7411,1.5897,2.1513,-0.35,-0.90,4.0866,4.6384,3.0487,2.453,1.543,8.33,3.641,19.17,NO
312,LeBron James,CLE,GF,81,63,57,57,Ps;R,76,28.67,1.5522,-0.3577,1.9099,-1.67,-2.09,3.2188,3.6446,4.0023,1.239,0.264,8.06,6.262,19.69,NO
116,Marquese Chriss,MIL,PF,81,64,61,67,Di;R,67,29.00,1.1877,-0.6885,1.8761,1.90,4.62,-0.7082,-3.4303,-2.7419,1.834,0.889,7.26,3.002,18.90,NO
263,Gordon Hayward,BOS,F,79,48,62,55,Ps,53,27.92,3.6722,1.8230,1.8493,3.15,3.65,0.5186,0.0178,-1.8052,1.217,0.195,7.59,6.205,20.92,YES
71,Devin Booker,PHO,G,78,40,63,53,Ps;V,49,29.10,5.7174,3.8962,1.8212,7.84,6.42,-2.1198,-0.7045,-4.6007,1.212,0.227,5.20,8.533,22.80,YES
8,Jarrett Allen,BKN,C,83,71,72,68,A;Di;Dp;Po;R;V,82,32.35,4.7574,2.9584,1.7990,8.84,11.34,-4.0875,-6.5847,-9.5431,1.561,1.398,11.22,3.474,23.16,NO
1296,Jaxson Hayes,MIA,C,84,64,70,67,A;Di;Dp;Po;R;V,68,33.22,3.8141,2.0580,1.7561,7.02,6.54,-3.2091,-2.7306,-4.7886,1.881,2.184,11.43,1.817,24.88,NO
1376,Kai Jones,MIA,C,83,61,69,53,A;Di;Dp;Po;V,73,31.26,4.2465,2.6029,1.6436,10.57,15.05,-6.3261,-10.8076,-13.4104,1.546,2.208,6.91,2.634,22.60,NO
1796,Victor Wembanyama,MIN,FC,87,85,65,61,Di;Po;R;V,64,31.72,2.9417,1.3148,1.6269,-3.42,5.57,6.3662,-2.6238,-3.9386,1.135,3.228,10.04,2.394,26.40,NO
1250,Shai Gilgeous-Alexander,OKC,G,78,41,60,55,Dp,73,27.14,1.4199,-0.1260,1.5459,0.39,0.99,1.0348,0.4278,0.5538,1.853,0.618,5.00,6.104,16.10,NO
739,Scottie Barnes,UTA,F,79,50,74,72,A;Di;Dp;Po;Ps;R;V,63,32.77,8.3706,6.9624,1.4082,10.83,8.63,-2.4582,-0.2592,-7.2216,2.162,1.133,11.23,4.795,25.15,NO
786,Miles Bridges,MIN,F,79,50,67,61,A;Di;Dp,69,33.56,2.1598,0.9052,1.2546,-5.96,0.44,8.1231,1.7242,0.8190,1.850,0.777,7.00,4.011,18.15,NO
1381,Nikola Jović,MIA,PF,82,60,61,52,3,82,21.90,2.4430,1.3729,1.0700,3.57,-1.20,-1.1280,3.6426,2.2697,1.083,0.441,6.10,3.669,23.42,YES
1768,Franz Wagner,MEM,SF,82,60,64,48,3;V,77,28.46,4.8922,3.8596,1.0327,5.73,3.77,-0.8352,1.1227,-2.7369,1.216,0.641,7.13,4.978,21.81,YES
1247,Josh Giddey,SA,GF,80,52,72,66,3;Di;Ps;R;V,65,37.22,7.0872,6.0564,1.0308,-0.18,7.78,7.2651,-0.6962,-6.7526,1.503,0.684,11.41,7.202,26.42,NO